activity_title,description,instruction,activity_type,subcategory,duration_minutes,tier,cost,location,min_age,max_age,neurodivergent_friendly,neurodivergent_notes,sensory_tags,social_type,energy_level,outcome_tag,mood_match,time,Category
Physiological Sigh Reset Protocol,Utilize double-inhale physiological sighs to rapidly offload CO2 and down-regulate the nervous system.,1. Sit comfortably upright or lie back in a quiet space.,Time-Bound,Calming Breathwork,5.0,1.0,Free,Indoor/Outdoor,12.0,99.0,Yes,"The double-inhale mechanics force physiological offloading of CO2, offering predictable sensory relief.","Proprioceptive, Rhythm",Solo,Low,"Calm, Stress Relief, Relaxation","Anxious, Stressed, Overwhelmed, Frustrated",anytime,Micro-movements & Breathwork
4-7-8 Tranquilizing Breath Protocol,A structured breathing pattern that acts as a natural nervous system sedative before rest.,1. Exhale completely through your mouth with a soft whoosh sound.,Time-Bound,Calming Breathwork,5.0,1.0,Free,Indoor/Outdoor,12.0,99.0,Yes,Counting intervals provides a concrete cognitive focus anchor during stress.,"Rhythm, Sound",Solo,Low,"Sleep, Calm, Stress Relief","Anxious, Stressed, Tired, Overwhelmed",nighttime,Micro-movements & Breathwork
Classic Box Breathing (4-4-4-4),Equalize autonomic nervous system tone with a symmetrical four-part breathing square.,1. Inhale through your nose for 4 seconds.,Time-Bound,Calming Breathwork,5.0,1.0,Free,Indoor/Outdoor,12.0,99.0,Yes,Symmetrical timing structure provides a steady mental metronome.,"Rhythm, Focus",Solo,Low,"Focus, Calm, Stress Relief","Anxious, Stressed, Overwhelmed, Frustrated",anytime,Micro-movements & Breathwork
Extended Exhale 1:2 Cadence,Double your exhale duration relative to your inhale to activate vagal nerve dampening.,1. Inhale quietly through your nose for 4 seconds.,Time-Bound,Calming Breathwork,5.0,1.0,Free,Indoor/Outdoor,12.0,99.0,Yes,Extended exhales slow the heart rate rapidly without requiring complex mental steps.,"Rhythm, Proprioceptive",Solo,Low,"Calm, Relaxation, Stress Relief","Anxious, Stressed, Overwhelmed",anytime,Micro-movements & Breathwork
Coherent Resonant Breathing (5.5:5.5),Breathe at approximately 5.5 breaths per minute to maximize heart rate variability (HRV) coherence.,1. Inhale gently through your nose for 5.5 seconds.,Time-Bound,Calming Breathwork,5.0,1.0,Free,Indoor/Outdoor,12.0,99.0,Yes,Continuous smooth wave cadence prevents abrupt sensation shifts.,Rhythm,Solo,Low,"Calm, Relaxation, Focus","Anxious, Stressed, Overwhelmed",anytime,Micro-movements & Breathwork
Chandra Bhedana (Moon Breathing),Cool down body temperature and quiet mental chatter by breathing exclusively through the left nostril channel.,1. Sit tall and block your right nostril gently with your right thumb.,Time-Bound,Calming Breathwork,5.0,1.0,Free,Indoor/Outdoor,12.0,99.0,Yes,Unilateral nostril tactile occlusion provides focused hand-to-face spatial grounding.,"Touch, Rhythm",Solo,Low,"Calm, Relaxation, Sleep","Anxious, Stressed, Tired",nighttime,Micro-movements & Breathwork
Left-Nostril Single Channel Focus,Isolate left-nostril airflow to engage parasympathetic pathways directly.,1. Gently block your right nostril with your thumb.,Time-Bound,Calming Breathwork,5.0,1.0,Free,Indoor/Outdoor,12.0,99.0,Yes,Single-side repetition eliminates complex switching steps for easy execution.,"Touch, Rhythm",Solo,Low,"Calm, Relaxation, Rest","Anxious, Stressed, Overwhelmed",anytime,Micro-movements & Breathwork
Bhramari Humming Bee Breath,Produce internal cranial sound vibration through humming exhales to soothe sensory tension.,"1. Sit tall, close eyes, and place thumbs over ears or fingers gently over eyes.",Time-Bound,Calming Breathwork,5.0,1.0,Free,Indoor,12.0,99.0,Yes,Self-generated acoustic resonance offers deep internal sensory feedback.,"Sound, Proprioceptive",Solo,Low,"Calm, Stress Relief, Mindfulness","Anxious, Stressed, Overwhelmed, Frustrated",anytime,Micro-movements & Breathwork
Dirga Pranayama (3-Part Yogic Breath),"Fill the abdomen, ribcage, and upper chest sequentially for full wave-like lung expansion.",1. Place one hand on your belly and one on your chest.,Time-Bound,Calming Breathwork,5.0,1.0,Free,Indoor/Outdoor,12.0,99.0,Yes,Sequential torso placement gives explicit tactile feedback across three torso zones.,"Touch, Proprioceptive",Solo,Low,"Calm, Focus, Relaxation","Anxious, Stressed, Overwhelmed",anytime,Micro-movements & Breathwork
Ujjayi Ocean Breath,Create slight glottic throat constriction to make a whispering ocean sound that regulates breathing rate.,1. Inhale through your nose while slightly constricting the back of your throat.,Time-Bound,Calming Breathwork,5.0,1.0,Free,Indoor/Outdoor,12.0,99.0,Yes,Auditory throat friction sound provides an internal focus anchor.,"Sound, Rhythm",Solo,Low,"Calm, Focus, Relaxation","Anxious, Stressed, Overwhelmed",anytime,Micro-movements & Breathwork
Abdominal Wave Release,Allow effortless belly rises paired with completely passive falling exhales.,1. Lie flat on your back with knees bent or on a comfortable cushion.,Time-Bound,Calming Breathwork,5.0,1.0,Free,Indoor/Outdoor,12.0,99.0,Yes,Zero-force exhales reduce performance pressure or anxiety around breathing.,"Touch, Proprioceptive",Solo,Low,"Relaxation, Calm, Rest","Anxious, Stressed, Tired",anytime,Micro-movements & Breathwork
Pursed-Lip Airway Relief,Pucker lips on the exhale to create back-pressure in lungs and slow exhalation speed.,1. Inhale normal breath through your nose for 2 seconds.,Time-Bound,Calming Breathwork,5.0,1.0,Free,Indoor/Outdoor,12.0,99.0,Yes,Lip resistance provides tangible physical feedback during exhales.,"Touch, Rhythm",Solo,Low,"Calm, Relaxation, Stress Relief","Anxious, Stressed, Overwhelmed",anytime,Micro-movements & Breathwork
7-11 Deep Relaxation Breathing,Extend exhale duration significantly to 11 counts to clear acute stress.,1. Inhale deeply through your nose for 7 counts.,Time-Bound,Calming Breathwork,5.0,1.0,Free,Indoor/Outdoor,12.0,99.0,Yes,Asymmetrical 7:11 counts require mental tracking that diverts focus from anxious thoughts.,"Rhythm, Focus",Solo,Low,"Calm, Relaxation, Sleep","Anxious, Stressed, Overwhelmed",nighttime,Micro-movements & Breathwork
Body Scan Breath Sync,Direct mental focus and inhale sensation sequentially into tense body parts before exhaling tension.,"1. Lie down comfortably and inhale, focusing attention on your feet.",Time-Bound,Calming Breathwork,5.0,1.0,Free,Indoor,12.0,99.0,Yes,Systematic body scan path prevents mental wandering.,"Proprioceptive, Touch",Solo,Low,"Mindfulness, Relaxation, Calm","Anxious, Stressed, Tired, Overwhelmed",anytime,Micro-movements & Breathwork
Progressive Muscle Exhale Release,Tense specific muscle groups on the inhale and release completely on the exhale.,1. Inhale while squeezing your fists and arms tightly for 5 seconds.,Time-Bound,Calming Breathwork,5.0,1.0,Free,Indoor,12.0,99.0,Yes,Strong intentional tension contrasts accentuate the sensory awareness of relaxation.,"Proprioceptive, Touch",Solo,Low,"Relaxation, Stress Relief, Calm","Anxious, Stressed, Frustrated",anytime,Micro-movements & Breathwork
Kapalabhati (Rapid Abdominal Exhales),Rapid forced exhales through the nose driven by snappy belly contractions to clear mental fog.,1. Sit tall with hands on your knees.,Time-Bound,Energizing Breathwork,5.0,2.0,Free,Indoor,18.0,70.0,Yes,Rhythmic high-velocity abdominal pulses provide powerful physical arousal.,"Movement, Proprioceptive",Solo,High,"Energy, Focus, Alertness","Tired, Frustrated, Overwhelmed",daytime,Micro-movements & Breathwork
Bhastrika Bellows Breath,Equal forceful inhales and exhales through the nose mimicking a blacksmith bellows to surge energy.,1. Sit upright and raise hands near shoulders.,Time-Bound,Energizing Breathwork,5.0,2.0,Free,Indoor,18.0,70.0,Yes,Arm pumping combined with fast nasal breathing provides energetic motor feedback.,"Movement, Sound",Solo,High,"Energy, Alertness, Focus","Tired, Frustrated",daytime,Micro-movements & Breathwork
Surya Bhedana (Sun Breathing),Inhale exclusively through the right nostril to stimulate sympathetic activation and warmth.,1. Block your left nostril with your ring finger.,Time-Bound,Energizing Breathwork,5.0,1.0,Free,Indoor/Outdoor,12.0,99.0,Yes,Right-channel stimulation promotes wakefulness without overwhelming physical strain.,"Touch, Rhythm",Solo,Moderate,"Energy, Focus, Alertness","Tired, Overwhelmed",daytime,Micro-movements & Breathwork
Right-Nostril Single Channel Drive,Isolate right-nostril breathing continuously to increase mental drive.,1. Block your left nostril gently with your fingers.,Time-Bound,Energizing Breathwork,5.0,1.0,Free,Indoor/Outdoor,12.0,99.0,Yes,Single-side nasal pressure provides constant tactile presence.,"Touch, Rhythm",Solo,Moderate,"Energy, Focus","Tired, Overwhelmed",daytime,Micro-movements & Breathwork
Power Breathing (Hyper-Oxygenation),Deep rapid breathing rounds followed by breath retention to boost adrenaline and mental clarity.,1. Lie down safely on a mat.,Time-Bound,Energizing Breathwork,5.0,2.0,Free,Indoor,18.0,65.0,Yes,"Strong physical sensations (tingling, warmth) provide intense grounding sensory input.","Proprioceptive, Touch",Solo,High,"Energy, Focus, Resilience","Tired, Frustrated",daytime,Micro-movements & Breathwork
Staccato Segmented Inhales,Divide inhales into three quick nasal sniffs before releasing one long exhale.,"1. Sniff in 1/3 capacity through nose, pause brief second.",Time-Bound,Energizing Breathwork,5.0,1.0,Free,Indoor/Outdoor,12.0,99.0,Yes,Segmented sniffing acts like a stepped sensory rhythm.,"Rhythm, Sound",Solo,Moderate,"Focus, Energy","Tired, Overwhelmed",daytime,Micro-movements & Breathwork
Sip-Sip Inhale Energizer,Double sharp inhales through the nose paired with a single swift vocal exhale.,1. Take two rapid inhales through your nose ('sip-sip').,Time-Bound,Energizing Breathwork,5.0,1.0,Free,Indoor/Outdoor,12.0,99.0,Yes,Snappy auditory sounds provide immediate focus feedback.,"Sound, Rhythm",Solo,Moderate,"Energy, Alertness","Tired, Frustrated",daytime,Micro-movements & Breathwork
Simhasana Lion's Breath,Exhale with wide facial expression and open tongue release to dispel physical sluggishness.,1. Kneel or sit comfortably leaning forward with hands on knees.,Time-Bound,Energizing Breathwork,5.0,1.0,Free,Indoor,12.0,99.0,Yes,Exaggerated facial stretch relieves jaw and facial muscle tightness.,"Movement, Sound",Solo,Moderate,"Energy, Stress Relief","Tired, Frustrated, Stressed",daytime,Micro-movements & Breathwork
Tactical Focus Box (5-5-5-5),Expand box breathing ratios to 5 seconds to sharpen executive focus.,1. Inhale through your nose for 5 seconds.,Time-Bound,Energizing Breathwork,5.0,1.0,Free,Indoor/Outdoor,12.0,99.0,Yes,Slightly longer holds demand heightened attention control.,"Rhythm, Focus",Solo,Moderate,"Focus, Alertness","Tired, Overwhelmed",daytime,Micro-movements & Breathwork
Double-Time Coherent (3:3 Cadence),Speed up coherent breathing to a brisk 3-second tempo to drive focused attention.,1. Inhale through your nose for 3 seconds.,Time-Bound,Energizing Breathwork,5.0,1.0,Free,Indoor/Outdoor,12.0,99.0,Yes,Brisk continuous pacing prevents mind wandering.,Rhythm,Solo,Moderate,"Focus, Energy","Tired, Overwhelmed",daytime,Micro-movements & Breathwork
Isometric Breath Tensing,Combine full lung capacity holds with gentle core muscle engagement.,1. Inhale fully through your nose for 4 seconds.,Time-Bound,Energizing Breathwork,5.0,1.0,Free,Indoor,12.0,99.0,Yes,Core engagement adds deep proprioceptive grounding.,"Proprioceptive, Touch",Solo,Moderate,"Focus, Strength","Tired, Frustrated",daytime,Micro-movements & Breathwork
Cadence Breath (2-1-2-1),A snappy short-count cadence protocol designed to clear lethargy.,1. Inhale nose for 2 seconds.,Time-Bound,Energizing Breathwork,5.0,1.0,Free,Indoor/Outdoor,12.0,99.0,Yes,Fast-paced micro-counts stimulate cognitive processing.,Rhythm,Solo,Moderate,"Alertness, Energy","Tired, Overwhelmed",daytime,Micro-movements & Breathwork
Nadi Shodhana (Alternate Nostril),Balance left and right brain hemispheres by alternating nasal airflow channels.,"1. Sit tall; place right thumb on right nostril, ring finger on left nostril.",Time-Bound,Therapeutic Breathwork,5.0,1.0,Free,Indoor/Outdoor,12.0,99.0,Yes,Tactile alternation between nostrils encourages systemic balance.,"Touch, Rhythm",Solo,Low,"Calm, Focus, Balance","Anxious, Stressed, Overwhelmed",anytime,Micro-movements & Breathwork
Buteyko Control Pause Test & Reset,"Measure and recalibrate CO2 sensitivity through gentle, unforced breath pauses.",1. Take a normal gentle inhale and normal gentle exhale through your nose.,Time-Bound,Therapeutic Breathwork,5.0,1.0,Free,Indoor,12.0,99.0,Yes,Data-driven timer tracking provides clear objective feedback.,"Touch, Focus",Solo,Low,"Resilience, Calm","Anxious, Stressed",anytime,Micro-movements & Breathwork
Buteyko Reduced Breathing Practice,Intentionally shallow breathing volume slightly to build higher CO2 tolerance over time.,1. Sit upright and relax upper body.,Time-Bound,Therapeutic Breathwork,5.0,1.0,Free,Indoor,12.0,99.0,Yes,Controlled exposure to air hunger strengthens autonomic resilience.,Proprioceptive,Solo,Low,"Calm, Resilience","Anxious, Stressed",anytime,Micro-movements & Breathwork
Diaphragmatic Weighted Resisting,Place a light object or sandbag on your abdomen while lying down to strengthen diaphragmatic lift.,1. Lie flat on your back and place a light book or small weight (1-2 kg) on your belly.,Time-Bound,Therapeutic Breathwork,5.0,1.0,Free,Indoor,12.0,99.0,Yes,Weight on abdomen offers grounding proprioceptive deep pressure.,"Touch, Proprioceptive",Solo,Low,"Strength, Calm, Relaxation","Anxious, Stressed, Tired",anytime,Micro-movements & Breathwork
Intercostal Rib-Expansion Breathing,Place hands on lower lateral ribs to direct breathing expanding sideways.,1. Sit tall and place palms on the sides of your lower ribcage.,Time-Bound,Therapeutic Breathwork,5.0,1.0,Free,Indoor/Outdoor,12.0,99.0,Yes,Lateral hand placement clarifies breathing geometry.,"Touch, Proprioceptive",Solo,Low,"Posture, Calm, Flexibility","Anxious, Stressed",anytime,Micro-movements & Breathwork
Back-Expansion Child's Pose Breath,Direct breathing into the posterior lungs while resting in Child's Pose.,1. Rest in Child's Pose with forehead on the floor and arms extended.,Time-Bound,Therapeutic Breathwork,5.0,1.0,Free,Indoor,12.0,99.0,Yes,Floor contact offers reassuring physical boundaries.,"Touch, Proprioceptive",Solo,Low,"Relaxation, Calm, Posture","Anxious, Stressed, Tired, Overwhelmed",anytime,Micro-movements & Breathwork
Crocodile / Prone Floor Breathing,Lie prone on your stomach with forehead resting on hands to feel belly expansion against the floor.,1. Lie face down on a mat with hands stacked under forehead.,Time-Bound,Therapeutic Breathwork,5.0,1.0,Free,Indoor,12.0,99.0,Yes,Prone floor pressure acts as a tactile cue for deep abdominal activation.,"Touch, Proprioceptive",Solo,Low,"Relaxation, Calm, Posture","Anxious, Stressed, Overwhelmed",anytime,Micro-movements & Breathwork
90/90 Wall Rib-Depression Breathing,Lie on your back with feet on a wall at 90 degrees to lock the spine flat and pull ribs down on exhales.,1. Lie on back with knees bent at 90 degrees and feet flat against a wall.,Time-Bound,Therapeutic Breathwork,5.0,1.0,Free,Indoor,12.0,99.0,Yes,90/90 wall posture gives precise physical alignment cues.,"Touch, Proprioceptive",Solo,Low,"Posture, Core, Calm","Stressed, Anxious",anytime,Micro-movements & Breathwork
Chest-to-Belly Isolation Drills,"Alternate breathing exclusively into the upper chest for 5 seconds, then belly for 5 seconds.",1. Place one hand on chest and one on belly.,Time-Bound,Therapeutic Breathwork,5.0,1.0,Free,Indoor,12.0,99.0,Yes,Motor control isolation exercises build interoceptive awareness.,"Touch, Focus",Solo,Low,"Focus, Calm, Control","Anxious, Stressed",anytime,Micro-movements & Breathwork
Inspiratory Resistance Muscle Training,Breathe against slight resistance using narrow lips or a straw to build diaphragm strength.,1. Inhale deeply through narrow lips (or a drinking straw) feeling lung resistance.,Time-Bound,Therapeutic Breathwork,5.0,1.0,Free,Indoor,12.0,99.0,Yes,Airway resistance provides clear physical sensory feedback.,"Touch, Proprioceptive",Solo,Low,"Strength, Resilience","Stressed, Anxious",anytime,Micro-movements & Breathwork
Supine 1:1 Cadence Rest,Lie fully horizontal while maintaining a relaxed equal 4-second inhale and exhale.,1. Lie flat on your back on a quiet rug or mat.,Time-Bound,Therapeutic Breathwork,5.0,1.0,Free,Indoor,12.0,99.0,Yes,Horizontal lying position removes postural demands entirely.,"Touch, Rhythm",Solo,Low,"Rest, Calm, Relaxation","Anxious, Tired, Overwhelmed",anytime,Micro-movements & Breathwork
Cadence Post-Exhale Empty Lock,"Inhale 4s, exhale 4s, and hold lungs empty for 4s to settle nervous system arousal.",1. Inhale through your nose for 4 seconds.,Time-Bound,Therapeutic Breathwork,5.0,1.0,Free,Indoor/Outdoor,12.0,99.0,Yes,Holding on the empty phase decreases cardiac output and calms racing thoughts.,"Rhythm, Focus",Solo,Low,"Calm, Focus, Relaxation","Anxious, Stressed, Overwhelmed",anytime,Micro-movements & Breathwork
Counting Down 100 Exhales,"Count backward from 100 on every exhale, restarting if mental focus slips.",1. Sit comfortably with eyes closed.,Time-Bound,Therapeutic Breathwork,5.0,1.0,Free,Indoor/Outdoor,12.0,99.0,Yes,Counting down provides a structured mental task that blocks disruptive thoughts.,"Focus, Rhythm",Solo,Low,"Focus, Calm, Mindfulness","Anxious, Stressed, Overwhelmed",anytime,Micro-movements & Breathwork
Apnea CO2 Tolerance Tables,Practice fixed breath-hold durations paired with decreasing rest intervals to build CO2 resilience.,1. Lie flat on a comfortable mat in a safe environment.,Time-Bound,Advanced Retentions,5.0,2.0,Free,Indoor,18.0,65.0,Yes,Structured time intervals create clear performance targets.,"Proprioceptive, Focus",Solo,Moderate,"Resilience, Focus, Control","Stressed, Frustrated",daytime,Micro-movements & Breathwork
Apnea O2 Depletion Tables,Practice increasing hold times paired with fixed short rest intervals under safe conditions.,1. Lie flat on a mat.,Time-Bound,Advanced Retentions,5.0,2.0,Free,Indoor,18.0,65.0,Yes,Systematic progression tracking fosters hyperfocus.,"Proprioceptive, Focus",Solo,Moderate,"Resilience, Focus","Stressed, Frustrated",daytime,Micro-movements & Breathwork
Walk-and-Hold Walking Apnea,"Exhale, hold breath empty, and count steps taken safely on grass before breathing normally.","1. Stand on a flat, safe grass area.",Time-Bound,Advanced Retentions,5.0,2.0,Free,Outdoor,18.0,65.0,Yes,Combining physical step counting with breath holds provides strong proprioceptive feedback.,"Movement, Proprioceptive",Solo,Moderate,"Resilience, Focus, Agility","Frustrated, Stressed",daytime,Micro-movements & Breathwork
Square 6s Advanced Box (6-6-6-6),Expand box breathing square intervals to 6 seconds for advanced mental control.,1. Inhale nose for 6 seconds.,Time-Bound,Advanced Retentions,5.0,2.0,Free,Indoor/Outdoor,18.0,65.0,Yes,Lengthened box holds require high attentional presence.,"Rhythm, Focus",Solo,Low,"Focus, Calm, Control","Stressed, Anxious, Overwhelmed",anytime,Micro-movements & Breathwork
Square 8s Elite Box (8-8-8-8),Deep box breathing intervals of 8 seconds per side for profound stillness.,1. Inhale nose for 8 seconds.,Time-Bound,Advanced Retentions,5.0,2.0,Free,Indoor/Outdoor,18.0,65.0,Yes,Sustained holds demand complete cognitive immersion.,"Rhythm, Focus",Solo,Low,"Focus, Calm, Resilience","Stressed, Anxious",anytime,Micro-movements & Breathwork
Triangle Breathing (Inhale-Hold Focus),"A three-part breath pattern holding after the inhale: Inhale 4s, Hold 4s, Exhale 4s.",1. Inhale nose for 4 seconds.,Time-Bound,Advanced Retentions,5.0,1.0,Free,Indoor/Outdoor,12.0,99.0,Yes,"Triangular rhythm provides a simple, repeatable visual geometry.","Rhythm, Focus",Solo,Low,"Focus, Calm","Anxious, Stressed, Overwhelmed",anytime,Micro-movements & Breathwork
Triangle Breathing (Exhale-Hold Grounding),"A three-part breath pattern holding after the exhale: Inhale 4s, Exhale 4s, Hold Empty 4s.",1. Inhale nose for 4 seconds.,Time-Bound,Advanced Retentions,5.0,1.0,Free,Indoor/Outdoor,12.0,99.0,Yes,Empty holds anchor focus during overstimulation.,"Rhythm, Focus",Solo,Low,"Calm, Focus, Relaxation","Anxious, Stressed, Overwhelmed",anytime,Micro-movements & Breathwork
Stair-Step Retention Inhales,Inhale in 3 staged steps with micro-holds between before releasing a long exhale.,"1. Inhale 1/3 capacity, hold 2s.",Time-Bound,Advanced Retentions,5.0,1.0,Free,Indoor/Outdoor,12.0,99.0,Yes,Stepped inhales create clear tactile internal stops.,"Rhythm, Proprioceptive",Solo,Low,"Focus, Calm","Anxious, Stressed, Overwhelmed",anytime,Micro-movements & Breathwork
1:4:2 Ratio Classical Pranayama,"Inhale 4s, Hold 16s, Exhale 8s for deep respiratory control.",1. Inhale nose for 4 seconds.,Time-Bound,Advanced Retentions,5.0,2.0,Free,Indoor,18.0,65.0,Yes,Long hold ratio engages high mental concentration.,"Rhythm, Focus",Solo,Moderate,"Resilience, Focus, Calm","Stressed, Frustrated",daytime,Micro-movements & Breathwork
Breath-Hold Surge Cycles,15 rapid breaths followed by a max effort empty hold to expand stress resilience.,1. Lie down flat on a mat.,Time-Bound,Advanced Retentions,5.0,2.0,Free,Indoor,18.0,65.0,Yes,Dynamic contrast between rapid breathing and total retention offers strong physical grounding.,"Proprioceptive, Focus",Solo,Moderate,"Resilience, Focus, Energy","Stressed, Frustrated",daytime,Micro-movements & Breathwork
Resonant Box Breath - Protocol #51,A balanced 4-4-4-4 rhythm to soothe the central nervous system.,1. Inhale through nose for 4 seconds.,Time-Bound,Calming Breathwork,5.0,1.0,Free,Indoor/Outdoor,12.0,99.0,Yes,Structured micro-duration provides a clear cognitive focus anchor without executive function overload.,"Proprioceptive, Rhythm",Solo,Low,"Calm, Stress Relief, Focus","Anxious, Stressed, Overwhelmed",anytime,Micro-movements & Breathwork
,,2. Hold breath for 4 seconds.,,,,,,,,,,,,,,,,,
,,3. Exhale through mouth for 4 seconds.,,,,,,,,,,,,,,,,,
,,4. Hold empty for 4 seconds. Repeat for 5 minutes.,,,,,,,,,,,,,,,,,
Bellows Vitality Pump - Protocol #52,Rhythmic rapid abdominal pumping to elevate alertness and focus.,1. Sit upright with extended spine.,Time-Bound,Energizing Breathwork,5.0,1.0,Free,Indoor/Outdoor,12.0,99.0,Yes,Structured micro-duration provides a clear cognitive focus anchor without executive function overload.,"Proprioceptive, Rhythm",Solo,Moderate,"Calm, Stress Relief, Focus","Anxious, Stressed, Overwhelmed",anytime,Micro-movements & Breathwork
,,2. Take rapid rhythmic inhales and exhales through nose at 1-second cadence.,,,,,,,,,,,,,,,,,
,,3. Keep chest steady while belly pumps aggressively.,,,,,,,,,,,,,,,,,
,,4. Perform 3 sets of 30 seconds with 15s calm recovery between sets for 5 minutes.,,,,,,,,,,,,,,,,,
Ocular Horizon Tracking (Variation #53),Horizontal ocular motility reset to reduce digital eye strain.,1. Hold thumb out at arm length.,Time-Bound,Therapeutic & Somatic Micro-Movements,5.0,1.0,Free,Indoor/Outdoor,12.0,99.0,Yes,Structured micro-duration provides a clear cognitive focus anchor without executive function overload.,"Proprioceptive, Tactile",Solo,Moderate,"Mobility, Tension Release, Energy","Restless, Stiff, Lethargic",anytime,Micro-movements & Breathwork
,,2. Move thumb slowly left to right while keeping head perfectly still.,,,,,,,,,,,,,,,,,
,,3. Follow thumb tip with eyes only.,,,,,,,,,,,,,,,,,
,,"4. Perform 10 sweeps, rest 10s, repeat for 5 minutes.",,,,,,,,,,,,,,,,,
Cervical Spine Glide Routine (Variation #54),Gentle cervical retractions to relieve tech-neck tightness.,1. Sit tall with chin parallel to floor.,Time-Bound,Desk Mobility & Joint Resets,5.0,1.0,Free,Indoor/Outdoor,12.0,99.0,Yes,Structured micro-duration provides a clear cognitive focus anchor without executive function overload.,"Proprioceptive, Tactile",Solo,Moderate,"Mobility, Tension Release, Energy","Restless, Stiff, Lethargic",anytime,Micro-movements & Breathwork
,,2. Glide chin straight back creating a double chin.,,,,,,,,,,,,,,,,,
,,"3. Hold 3 seconds, release forward smoothly.",,,,,,,,,,,,,,,,,
,,"4. Perform 12 reps, 3 sets across 5 minutes.",,,,,,,,,,,,,,,,,
Technical Synthesis Reading (Drill #55),Structured 5-minute active reading and comprehension exercise focused on technical synthesis reading.,1. Select a brief passage focused on technical synthesis reading.,Time-Bound,Mindful Reading & Cognitive Micro-Drills,5.0,1.0,Free,Indoor/Outdoor,12.0,99.0,Yes,Structured micro-duration provides a clear cognitive focus anchor without executive function overload.,"Visual, Cognitive",Solo,Low,"Focus, Comprehension, Mental Clarity","Seeking Focus, Distracted, Overwhelmed",anytime,Micro-movements & Breathwork
,,2. Read continuously with active visual tracking for 3 minutes.,,,,,,,,,,,,,,,,,
,,3. Annotate key concepts or write down 2 core summary takeaways.,,,,,,,,,,,,,,,,,
,,4. Conclude with 1 minute of mental consolidation and recall check.,,,,,,,,,,,,,,,,,
Vagus Nerve Ocean Inhale - Protocol #56,Slow rhythmic deep breathing targeting vagal tone stimulation.,1. Sit upright with soft shoulders.,Time-Bound,Calming Breathwork,5.0,1.0,Free,Indoor/Outdoor,12.0,99.0,Yes,Structured micro-duration provides a clear cognitive focus anchor without executive function overload.,"Proprioceptive, Rhythm",Solo,Low,"Calm, Stress Relief, Focus","Anxious, Stressed, Overwhelmed",anytime,Micro-movements & Breathwork
,,2. Inhale deeply into lower abdomen for 5s.,,,,,,,,,,,,,,,,,
,,3. Exhale slowly with a subtle back-of-throat hum for 5s.,,,,,,,,,,,,,,,,,
,,4. Repeat smoothly for 5 minutes.,,,,,,,,,,,,,,,,,
Sun Channel Activation - Protocol #57,Right nostril breath control to spark focus and metabolic energy.,1. Block left nostril gently with ring finger.,Time-Bound,Energizing Breathwork,5.0,1.0,Free,Indoor/Outdoor,12.0,99.0,Yes,Structured micro-duration provides a clear cognitive focus anchor without executive function overload.,"Proprioceptive, Rhythm",Solo,Moderate,"Calm, Stress Relief, Focus","Anxious, Stressed, Overwhelmed",anytime,Micro-movements & Breathwork
,,2. Inhale deeply through right nostril for 4s.,,,,,,,,,,,,,,,,,
,,3. Exhale through right nostril for 4s.,,,,,,,,,,,,,,,,,
,,4. Maintain rhythmic right-channel breathing for 5 minutes.,,,,,,,,,,,,,,,,,
Somatic Tremor Shakeout (Variation #58),Vigorous full-body shaking to discharge nervous system tension.,1. Stand with feet shoulder-width apart.,Time-Bound,Therapeutic & Somatic Micro-Movements,5.0,1.0,Free,Indoor/Outdoor,12.0,99.0,Yes,Structured micro-duration provides a clear cognitive focus anchor without executive function overload.,"Proprioceptive, Tactile",Solo,Moderate,"Mobility, Tension Release, Energy","Restless, Stiff, Lethargic",anytime,Micro-movements & Breathwork
,,2. Begin bouncing lightly on heels and shaking wrist joints.,,,,,,,,,,,,,,,,,
,,"3. Allow vibration to travel up shoulders, jaw, and torso.",,,,,,,,,,,,,,,,,
,,4. Shake continuously for 5 minutes to release trapped stress.,,,,,,,,,,,,,,,,,
Wrist & Forearm Tension Release (Variation #59),Stretches wrist flexors and extensors for keyboard users.,"1. Extend right arm forward, palm up.",Time-Bound,Desk Mobility & Joint Resets,5.0,1.0,Free,Indoor/Outdoor,12.0,99.0,Yes,Structured micro-duration provides a clear cognitive focus anchor without executive function overload.,"Proprioceptive, Tactile",Solo,Moderate,"Mobility, Tension Release, Energy","Restless, Stiff, Lethargic",anytime,Micro-movements & Breathwork
,,2. Pull fingers down with left hand gently for 30s.,,,,,,,,,,,,,,,,,
,,"3. Flip palm down, pull hand back toward wrist for 30s.",,,,,,,,,,,,,,,,,
,,4. Swap sides and repeat cycles for 5 minutes.,,,,,,,,,,,,,,,,,
Creative Prose Speed Analysis (Drill #60),Structured 5-minute active reading and comprehension exercise focused on creative prose speed analysis.,1. Select a brief passage focused on creative prose speed analysis.,Time-Bound,Mindful Reading & Cognitive Micro-Drills,5.0,1.0,Free,Indoor/Outdoor,12.0,99.0,Yes,Structured micro-duration provides a clear cognitive focus anchor without executive function overload.,"Visual, Cognitive",Solo,Low,"Focus, Comprehension, Mental Clarity","Seeking Focus, Distracted, Overwhelmed",anytime,Micro-movements & Breathwork
,,2. Read continuously with active visual tracking for 3 minutes.,,,,,,,,,,,,,,,,,
,,3. Annotate key concepts or write down 2 core summary takeaways.,,,,,,,,,,,,,,,,,
,,4. Conclude with 1 minute of mental consolidation and recall check.,,,,,,,,,,,,,,,,,
4-8 Cadence Decompression - Protocol #61,Extended exhale pattern engineered for immediate nervous system down-regulation.,1. Inhale nose for 4 seconds.,Time-Bound,Calming Breathwork,5.0,1.0,Free,Indoor/Outdoor,12.0,99.0,Yes,Structured micro-duration provides a clear cognitive focus anchor without executive function overload.,"Proprioceptive, Rhythm",Solo,Low,"Calm, Stress Relief, Focus","Anxious, Stressed, Overwhelmed",anytime,Micro-movements & Breathwork
,,2. Exhale slowly and completely through mouth for 8 seconds.,,,,,,,,,,,,,,,,,
,,3. Pause 1 second at the bottom.,,,,,,,,,,,,,,,,,
,,4. Repeat cycle for 5 minutes.,,,,,,,,,,,,,,,,,
Bellows Vitality Pump - Protocol #62,Rhythmic rapid abdominal pumping to elevate alertness and focus.,1. Sit upright with extended spine.,Time-Bound,Energizing Breathwork,5.0,1.0,Free,Indoor/Outdoor,12.0,99.0,Yes,Structured micro-duration provides a clear cognitive focus anchor without executive function overload.,"Proprioceptive, Rhythm",Solo,Moderate,"Calm, Stress Relief, Focus","Anxious, Stressed, Overwhelmed",anytime,Micro-movements & Breathwork
,,2. Take rapid rhythmic inhales and exhales through nose at 1-second cadence.,,,,,,,,,,,,,,,,,
,,3. Keep chest steady while belly pumps aggressively.,,,,,,,,,,,,,,,,,
,,4. Perform 3 sets of 30 seconds with 15s calm recovery between sets for 5 minutes.,,,,,,,,,,,,,,,,,
Somatic Tremor Shakeout (Variation #63),Vigorous full-body shaking to discharge nervous system tension.,1. Stand with feet shoulder-width apart.,Time-Bound,Therapeutic & Somatic Micro-Movements,5.0,1.0,Free,Indoor/Outdoor,12.0,99.0,Yes,Structured micro-duration provides a clear cognitive focus anchor without executive function overload.,"Proprioceptive, Tactile",Solo,Moderate,"Mobility, Tension Release, Energy","Restless, Stiff, Lethargic",anytime,Micro-movements & Breathwork
,,2. Begin bouncing lightly on heels and shaking wrist joints.,,,,,,,,,,,,,,,,,
,,"3. Allow vibration to travel up shoulders, jaw, and torso.",,,,,,,,,,,,,,,,,
,,4. Shake continuously for 5 minutes to release trapped stress.,,,,,,,,,,,,,,,,,
Seated Thoracic Decompression (Variation #64),Extends stiff thoracic spine after prolonged sitting.,1. Sit at front edge of chair.,Time-Bound,Desk Mobility & Joint Resets,5.0,1.0,Free,Indoor/Outdoor,12.0,99.0,Yes,Structured micro-duration provides a clear cognitive focus anchor without executive function overload.,"Proprioceptive, Tactile",Solo,Moderate,"Mobility, Tension Release, Energy","Restless, Stiff, Lethargic",anytime,Micro-movements & Breathwork
,,"2. Interlace fingers behind head, elbows wide.",,,,,,,,,,,,,,,,,
,,3. Inhale and arch upper back over chair back.,,,,,,,,,,,,,,,,,
,,4. Exhale and gently round forward. Repeat 10 times across 5 minutes.,,,,,,,,,,,,,,,,,
Technical Synthesis Reading (Drill #65),Structured 5-minute active reading and comprehension exercise focused on technical synthesis reading.,1. Select a brief passage focused on technical synthesis reading.,Time-Bound,Mindful Reading & Cognitive Micro-Drills,5.0,1.0,Free,Indoor/Outdoor,12.0,99.0,Yes,Structured micro-duration provides a clear cognitive focus anchor without executive function overload.,"Visual, Cognitive",Solo,Low,"Focus, Comprehension, Mental Clarity","Seeking Focus, Distracted, Overwhelmed",anytime,Micro-movements & Breathwork
,,2. Read continuously with active visual tracking for 3 minutes.,,,,,,,,,,,,,,,,,
,,3. Annotate key concepts or write down 2 core summary takeaways.,,,,,,,,,,,,,,,,,
,,4. Conclude with 1 minute of mental consolidation and recall check.,,,,,,,,,,,,,,,,,
Resonant Box Breath - Protocol #66,A balanced 4-4-4-4 rhythm to soothe the central nervous system.,1. Inhale through nose for 4 seconds.,Time-Bound,Calming Breathwork,5.0,1.0,Free,Indoor/Outdoor,12.0,99.0,Yes,Structured micro-duration provides a clear cognitive focus anchor without executive function overload.,"Proprioceptive, Rhythm",Solo,Low,"Calm, Stress Relief, Focus","Anxious, Stressed, Overwhelmed",anytime,Micro-movements & Breathwork
,,2. Hold breath for 4 seconds.,,,,,,,,,,,,,,,,,
,,3. Exhale through mouth for 4 seconds.,,,,,,,,,,,,,,,,,
,,4. Hold empty for 4 seconds. Repeat for 5 minutes.,,,,,,,,,,,,,,,,,
Sun Channel Activation - Protocol #67,Right nostril breath control to spark focus and metabolic energy.,1. Block left nostril gently with ring finger.,Time-Bound,Energizing Breathwork,5.0,1.0,Free,Indoor/Outdoor,12.0,99.0,Yes,Structured micro-duration provides a clear cognitive focus anchor without executive function overload.,"Proprioceptive, Rhythm",Solo,Moderate,"Calm, Stress Relief, Focus","Anxious, Stressed, Overwhelmed",anytime,Micro-movements & Breathwork
,,2. Inhale deeply through right nostril for 4s.,,,,,,,,,,,,,,,,,
,,3. Exhale through right nostril for 4s.,,,,,,,,,,,,,,,,,
,,4. Maintain rhythmic right-channel breathing for 5 minutes.,,,,,,,,,,,,,,,,,
Somatic Tremor Shakeout (Variation #68),Vigorous full-body shaking to discharge nervous system tension.,1. Stand with feet shoulder-width apart.,Time-Bound,Therapeutic & Somatic Micro-Movements,5.0,1.0,Free,Indoor/Outdoor,12.0,99.0,Yes,Structured micro-duration provides a clear cognitive focus anchor without executive function overload.,"Proprioceptive, Tactile",Solo,Moderate,"Mobility, Tension Release, Energy","Restless, Stiff, Lethargic",anytime,Micro-movements & Breathwork
,,2. Begin bouncing lightly on heels and shaking wrist joints.,,,,,,,,,,,,,,,,,
,,"3. Allow vibration to travel up shoulders, jaw, and torso.",,,,,,,,,,,,,,,,,
,,4. Shake continuously for 5 minutes to release trapped stress.,,,,,,,,,,,,,,,,,
Wrist & Forearm Tension Release (Variation #69),Stretches wrist flexors and extensors for keyboard users.,"1. Extend right arm forward, palm up.",Time-Bound,Desk Mobility & Joint Resets,5.0,1.0,Free,Indoor/Outdoor,12.0,99.0,Yes,Structured micro-duration provides a clear cognitive focus anchor without executive function overload.,"Proprioceptive, Tactile",Solo,Moderate,"Mobility, Tension Release, Energy","Restless, Stiff, Lethargic",anytime,Micro-movements & Breathwork
,,2. Pull fingers down with left hand gently for 30s.,,,,,,,,,,,,,,,,,
,,"3. Flip palm down, pull hand back toward wrist for 30s.",,,,,,,,,,,,,,,,,
,,4. Swap sides and repeat cycles for 5 minutes.,,,,,,,,,,,,,,,,,
Technical Synthesis Reading (Drill #70),Structured 5-minute active reading and comprehension exercise focused on technical synthesis reading.,1. Select a brief passage focused on technical synthesis reading.,Time-Bound,Mindful Reading & Cognitive Micro-Drills,5.0,1.0,Free,Indoor/Outdoor,12.0,99.0,Yes,Structured micro-duration provides a clear cognitive focus anchor without executive function overload.,"Visual, Cognitive",Solo,Low,"Focus, Comprehension, Mental Clarity","Seeking Focus, Distracted, Overwhelmed",anytime,Micro-movements & Breathwork
,,2. Read continuously with active visual tracking for 3 minutes.,,,,,,,,,,,,,,,,,
,,3. Annotate key concepts or write down 2 core summary takeaways.,,,,,,,,,,,,,,,,,
,,4. Conclude with 1 minute of mental consolidation and recall check.,,,,,,,,,,,,,,,,,
4-8 Cadence Decompression - Protocol #71,Extended exhale pattern engineered for immediate nervous system down-regulation.,1. Inhale nose for 4 seconds.,Time-Bound,Calming Breathwork,5.0,1.0,Free,Indoor/Outdoor,12.0,99.0,Yes,Structured micro-duration provides a clear cognitive focus anchor without executive function overload.,"Proprioceptive, Rhythm",Solo,Low,"Calm, Stress Relief, Focus","Anxious, Stressed, Overwhelmed",anytime,Micro-movements & Breathwork
,,2. Exhale slowly and completely through mouth for 8 seconds.,,,,,,,,,,,,,,,,,
,,3. Pause 1 second at the bottom.,,,,,,,,,,,,,,,,,
,,4. Repeat cycle for 5 minutes.,,,,,,,,,,,,,,,,,
Sun Channel Activation - Protocol #72,Right nostril breath control to spark focus and metabolic energy.,1. Block left nostril gently with ring finger.,Time-Bound,Energizing Breathwork,5.0,1.0,Free,Indoor/Outdoor,12.0,99.0,Yes,Structured micro-duration provides a clear cognitive focus anchor without executive function overload.,"Proprioceptive, Rhythm",Solo,Moderate,"Calm, Stress Relief, Focus","Anxious, Stressed, Overwhelmed",anytime,Micro-movements & Breathwork
,,2. Inhale deeply through right nostril for 4s.,,,,,,,,,,,,,,,,,
,,3. Exhale through right nostril for 4s.,,,,,,,,,,,,,,,,,
,,4. Maintain rhythmic right-channel breathing for 5 minutes.,,,,,,,,,,,,,,,,,
Pragmatic Grounding Tap (Variation #73),Rhythmic body tapping protocol to re-anchor spatial awareness.,1. Tap upper chest gently with fingertips for 60s.,Time-Bound,Therapeutic & Somatic Micro-Movements,5.0,1.0,Free,Indoor/Outdoor,12.0,99.0,Yes,Structured micro-duration provides a clear cognitive focus anchor without executive function overload.,"Proprioceptive, Tactile",Solo,Moderate,"Mobility, Tension Release, Energy","Restless, Stiff, Lethargic",anytime,Micro-movements & Breathwork
,,"2. Tap down arms, belly, thighs, and calves sequentially.",,,,,,,,,,,,,,,,,
,,3. Focus on tactile feedback and temperature.,,,,,,,,,,,,,,,,,
,,4. Repeat full-body rhythm 3 times across 5 minutes.,,,,,,,,,,,,,,,,,
Seated Thoracic Decompression (Variation #74),Extends stiff thoracic spine after prolonged sitting.,1. Sit at front edge of chair.,Time-Bound,Desk Mobility & Joint Resets,5.0,1.0,Free,Indoor/Outdoor,12.0,99.0,Yes,Structured micro-duration provides a clear cognitive focus anchor without executive function overload.,"Proprioceptive, Tactile",Solo,Moderate,"Mobility, Tension Release, Energy","Restless, Stiff, Lethargic",anytime,Micro-movements & Breathwork
,,"2. Interlace fingers behind head, elbows wide.",,,,,,,,,,,,,,,,,
,,3. Inhale and arch upper back over chair back.,,,,,,,,,,,,,,,,,
,,4. Exhale and gently round forward. Repeat 10 times across 5 minutes.,,,,,,,,,,,,,,,,,
Psychology Insight Parsing (Drill #75),Structured 5-minute active reading and comprehension exercise focused on psychology insight parsing.,1. Select a brief passage focused on psychology insight parsing.,Time-Bound,Mindful Reading & Cognitive Micro-Drills,5.0,1.0,Free,Indoor/Outdoor,12.0,99.0,Yes,Structured micro-duration provides a clear cognitive focus anchor without executive function overload.,"Visual, Cognitive",Solo,Low,"Focus, Comprehension, Mental Clarity","Seeking Focus, Distracted, Overwhelmed",anytime,Micro-movements & Breathwork
,,2. Read continuously with active visual tracking for 3 minutes.,,,,,,,,,,,,,,,,,
,,3. Annotate key concepts or write down 2 core summary takeaways.,,,,,,,,,,,,,,,,,
,,4. Conclude with 1 minute of mental consolidation and recall check.,,,,,,,,,,,,,,,,,
4-8 Cadence Decompression - Protocol #76,Extended exhale pattern engineered for immediate nervous system down-regulation.,1. Inhale nose for 4 seconds.,Time-Bound,Calming Breathwork,5.0,1.0,Free,Indoor/Outdoor,12.0,99.0,Yes,Structured micro-duration provides a clear cognitive focus anchor without executive function overload.,"Proprioceptive, Rhythm",Solo,Low,"Calm, Stress Relief, Focus","Anxious, Stressed, Overwhelmed",anytime,Micro-movements & Breathwork
,,2. Exhale slowly and completely through mouth for 8 seconds.,,,,,,,,,,,,,,,,,
,,3. Pause 1 second at the bottom.,,,,,,,,,,,,,,,,,
,,4. Repeat cycle for 5 minutes.,,,,,,,,,,,,,,,,,
Segmented Morning Inhale - Protocol #77,Staccato three-part inhale to clear brain fog instantly.,1. Take short inhale step 1 into belly.,Time-Bound,Energizing Breathwork,5.0,1.0,Free,Indoor/Outdoor,12.0,99.0,Yes,Structured micro-duration provides a clear cognitive focus anchor without executive function overload.,"Proprioceptive, Rhythm",Solo,Moderate,"Calm, Stress Relief, Focus","Anxious, Stressed, Overwhelmed",anytime,Micro-movements & Breathwork
,,2. Take short inhale step 2 into chest.,,,,,,,,,,,,,,,,,
,,3. Take short inhale step 3 into collarbones.,,,,,,,,,,,,,,,,,
,,4. Exhale smooth and unforced. Repeat for 5 minutes.,,,,,,,,,,,,,,,,,
Pragmatic Grounding Tap (Variation #78),Rhythmic body tapping protocol to re-anchor spatial awareness.,1. Tap upper chest gently with fingertips for 60s.,Time-Bound,Therapeutic & Somatic Micro-Movements,5.0,1.0,Free,Indoor/Outdoor,12.0,99.0,Yes,Structured micro-duration provides a clear cognitive focus anchor without executive function overload.,"Proprioceptive, Tactile",Solo,Moderate,"Mobility, Tension Release, Energy","Restless, Stiff, Lethargic",anytime,Micro-movements & Breathwork
,,"2. Tap down arms, belly, thighs, and calves sequentially.",,,,,,,,,,,,,,,,,
,,3. Focus on tactile feedback and temperature.,,,,,,,,,,,,,,,,,
,,4. Repeat full-body rhythm 3 times across 5 minutes.,,,,,,,,,,,,,,,,,
Seated Thoracic Decompression (Variation #79),Extends stiff thoracic spine after prolonged sitting.,1. Sit at front edge of chair.,Time-Bound,Desk Mobility & Joint Resets,5.0,1.0,Free,Indoor/Outdoor,12.0,99.0,Yes,Structured micro-duration provides a clear cognitive focus anchor without executive function overload.,"Proprioceptive, Tactile",Solo,Moderate,"Mobility, Tension Release, Energy","Restless, Stiff, Lethargic",anytime,Micro-movements & Breathwork
,,"2. Interlace fingers behind head, elbows wide.",,,,,,,,,,,,,,,,,
,,3. Inhale and arch upper back over chair back.,,,,,,,,,,,,,,,,,
,,4. Exhale and gently round forward. Repeat 10 times across 5 minutes.,,,,,,,,,,,,,,,,,
Cognitive Health Article Drill (Drill #80),Structured 5-minute active reading and comprehension exercise focused on cognitive health article drill.,1. Select a brief passage focused on cognitive health article drill.,Time-Bound,Mindful Reading & Cognitive Micro-Drills,5.0,1.0,Free,Indoor/Outdoor,12.0,99.0,Yes,Structured micro-duration provides a clear cognitive focus anchor without executive function overload.,"Visual, Cognitive",Solo,Low,"Focus, Comprehension, Mental Clarity","Seeking Focus, Distracted, Overwhelmed",anytime,Micro-movements & Breathwork
,,2. Read continuously with active visual tracking for 3 minutes.,,,,,,,,,,,,,,,,,
,,3. Annotate key concepts or write down 2 core summary takeaways.,,,,,,,,,,,,,,,,,
,,4. Conclude with 1 minute of mental consolidation and recall check.,,,,,,,,,,,,,,,,,
Resonant Box Breath - Protocol #81,A balanced 4-4-4-4 rhythm to soothe the central nervous system.,1. Inhale through nose for 4 seconds.,Time-Bound,Calming Breathwork,5.0,1.0,Free,Indoor/Outdoor,12.0,99.0,Yes,Structured micro-duration provides a clear cognitive focus anchor without executive function overload.,"Proprioceptive, Rhythm",Solo,Low,"Calm, Stress Relief, Focus","Anxious, Stressed, Overwhelmed",anytime,Micro-movements & Breathwork
,,2. Hold breath for 4 seconds.,,,,,,,,,,,,,,,,,
,,3. Exhale through mouth for 4 seconds.,,,,,,,,,,,,,,,,,
,,4. Hold empty for 4 seconds. Repeat for 5 minutes.,,,,,,,,,,,,,,,,,
Bellows Vitality Pump - Protocol #82,Rhythmic rapid abdominal pumping to elevate alertness and focus.,1. Sit upright with extended spine.,Time-Bound,Energizing Breathwork,5.0,1.0,Free,Indoor/Outdoor,12.0,99.0,Yes,Structured micro-duration provides a clear cognitive focus anchor without executive function overload.,"Proprioceptive, Rhythm",Solo,Moderate,"Calm, Stress Relief, Focus","Anxious, Stressed, Overwhelmed",anytime,Micro-movements & Breathwork
,,2. Take rapid rhythmic inhales and exhales through nose at 1-second cadence.,,,,,,,,,,,,,,,,,
,,3. Keep chest steady while belly pumps aggressively.,,,,,,,,,,,,,,,,,
,,4. Perform 3 sets of 30 seconds with 15s calm recovery between sets for 5 minutes.,,,,,,,,,,,,,,,,,
Pragmatic Grounding Tap (Variation #83),Rhythmic body tapping protocol to re-anchor spatial awareness.,1. Tap upper chest gently with fingertips for 60s.,Time-Bound,Therapeutic & Somatic Micro-Movements,5.0,1.0,Free,Indoor/Outdoor,12.0,99.0,Yes,Structured micro-duration provides a clear cognitive focus anchor without executive function overload.,"Proprioceptive, Tactile",Solo,Moderate,"Mobility, Tension Release, Energy","Restless, Stiff, Lethargic",anytime,Micro-movements & Breathwork
,,"2. Tap down arms, belly, thighs, and calves sequentially.",,,,,,,,,,,,,,,,,
,,3. Focus on tactile feedback and temperature.,,,,,,,,,,,,,,,,,
,,4. Repeat full-body rhythm 3 times across 5 minutes.,,,,,,,,,,,,,,,,,
Seated Thoracic Decompression (Variation #84),Extends stiff thoracic spine after prolonged sitting.,1. Sit at front edge of chair.,Time-Bound,Desk Mobility & Joint Resets,5.0,1.0,Free,Indoor/Outdoor,12.0,99.0,Yes,Structured micro-duration provides a clear cognitive focus anchor without executive function overload.,"Proprioceptive, Tactile",Solo,Moderate,"Mobility, Tension Release, Energy","Restless, Stiff, Lethargic",anytime,Micro-movements & Breathwork
,,"2. Interlace fingers behind head, elbows wide.",,,,,,,,,,,,,,,,,
,,3. Inhale and arch upper back over chair back.,,,,,,,,,,,,,,,,,
,,4. Exhale and gently round forward. Repeat 10 times across 5 minutes.,,,,,,,,,,,,,,,,,
Cognitive Health Article Drill (Drill #85),Structured 5-minute active reading and comprehension exercise focused on cognitive health article drill.,1. Select a brief passage focused on cognitive health article drill.,Time-Bound,Mindful Reading & Cognitive Micro-Drills,5.0,1.0,Free,Indoor/Outdoor,12.0,99.0,Yes,Structured micro-duration provides a clear cognitive focus anchor without executive function overload.,"Visual, Cognitive",Solo,Low,"Focus, Comprehension, Mental Clarity","Seeking Focus, Distracted, Overwhelmed",anytime,Micro-movements & Breathwork
,,2. Read continuously with active visual tracking for 3 minutes.,,,,,,,,,,,,,,,,,
,,3. Annotate key concepts or write down 2 core summary takeaways.,,,,,,,,,,,,,,,,,
,,4. Conclude with 1 minute of mental consolidation and recall check.,,,,,,,,,,,,,,,,,
Diaphragmatic Belly Anchor - Protocol #86,Deep grounding belly breathing to lower heart rate.,1. Place one hand on chest and one on belly.,Time-Bound,Calming Breathwork,5.0,1.0,Free,Indoor/Outdoor,12.0,99.0,Yes,Structured micro-duration provides a clear cognitive focus anchor without executive function overload.,"Proprioceptive, Rhythm",Solo,Low,"Calm, Stress Relief, Focus","Anxious, Stressed, Overwhelmed",anytime,Micro-movements & Breathwork
,,2. Breathe in deeply ensuring only the belly rises for 4s.,,,,,,,,,,,,,,,,,
,,3. Exhale slowly through pursed lips for 6s.,,,,,,,,,,,,,,,,,
,,4. Focus on tactile warmth of your hands for 5 minutes.,,,,,,,,,,,,,,,,,
Bellows Vitality Pump - Protocol #87,Rhythmic rapid abdominal pumping to elevate alertness and focus.,1. Sit upright with extended spine.,Time-Bound,Energizing Breathwork,5.0,1.0,Free,Indoor/Outdoor,12.0,99.0,Yes,Structured micro-duration provides a clear cognitive focus anchor without executive function overload.,"Proprioceptive, Rhythm",Solo,Moderate,"Calm, Stress Relief, Focus","Anxious, Stressed, Overwhelmed",anytime,Micro-movements & Breathwork
,,2. Take rapid rhythmic inhales and exhales through nose at 1-second cadence.,,,,,,,,,,,,,,,,,
,,3. Keep chest steady while belly pumps aggressively.,,,,,,,,,,,,,,,,,
,,4. Perform 3 sets of 30 seconds with 15s calm recovery between sets for 5 minutes.,,,,,,,,,,,,,,,,,
Ocular Horizon Tracking (Variation #88),Horizontal ocular motility reset to reduce digital eye strain.,1. Hold thumb out at arm length.,Time-Bound,Therapeutic & Somatic Micro-Movements,5.0,1.0,Free,Indoor/Outdoor,12.0,99.0,Yes,Structured micro-duration provides a clear cognitive focus anchor without executive function overload.,"Proprioceptive, Tactile",Solo,Moderate,"Mobility, Tension Release, Energy","Restless, Stiff, Lethargic",anytime,Micro-movements & Breathwork
,,2. Move thumb slowly left to right while keeping head perfectly still.,,,,,,,,,,,,,,,,,
,,3. Follow thumb tip with eyes only.,,,,,,,,,,,,,,,,,
,,"4. Perform 10 sweeps, rest 10s, repeat for 5 minutes.",,,,,,,,,,,,,,,,,
Cervical Spine Glide Routine (Variation #89),Gentle cervical retractions to relieve tech-neck tightness.,1. Sit tall with chin parallel to floor.,Time-Bound,Desk Mobility & Joint Resets,5.0,1.0,Free,Indoor/Outdoor,12.0,99.0,Yes,Structured micro-duration provides a clear cognitive focus anchor without executive function overload.,"Proprioceptive, Tactile",Solo,Moderate,"Mobility, Tension Release, Energy","Restless, Stiff, Lethargic",anytime,Micro-movements & Breathwork
,,2. Glide chin straight back creating a double chin.,,,,,,,,,,,,,,,,,
,,"3. Hold 3 seconds, release forward smoothly.",,,,,,,,,,,,,,,,,
,,"4. Perform 12 reps, 3 sets across 5 minutes.",,,,,,,,,,,,,,,,,
Stoic Maxims Comprehension (Drill #90),Structured 5-minute active reading and comprehension exercise focused on stoic maxims comprehension.,1. Select a brief passage focused on stoic maxims comprehension.,Time-Bound,Mindful Reading & Cognitive Micro-Drills,5.0,1.0,Free,Indoor/Outdoor,12.0,99.0,Yes,Structured micro-duration provides a clear cognitive focus anchor without executive function overload.,"Visual, Cognitive",Solo,Low,"Focus, Comprehension, Mental Clarity","Seeking Focus, Distracted, Overwhelmed",anytime,Micro-movements & Breathwork
,,2. Read continuously with active visual tracking for 3 minutes.,,,,,,,,,,,,,,,,,
,,3. Annotate key concepts or write down 2 core summary takeaways.,,,,,,,,,,,,,,,,,
,,4. Conclude with 1 minute of mental consolidation and recall check.,,,,,,,,,,,,,,,,,
Resonant Box Breath - Protocol #91,A balanced 4-4-4-4 rhythm to soothe the central nervous system.,1. Inhale through nose for 4 seconds.,Time-Bound,Calming Breathwork,5.0,1.0,Free,Indoor/Outdoor,12.0,99.0,Yes,Structured micro-duration provides a clear cognitive focus anchor without executive function overload.,"Proprioceptive, Rhythm",Solo,Low,"Calm, Stress Relief, Focus","Anxious, Stressed, Overwhelmed",anytime,Micro-movements & Breathwork
,,2. Hold breath for 4 seconds.,,,,,,,,,,,,,,,,,
,,3. Exhale through mouth for 4 seconds.,,,,,,,,,,,,,,,,,
,,4. Hold empty for 4 seconds. Repeat for 5 minutes.,,,,,,,,,,,,,,,,,
Sun Channel Activation - Protocol #92,Right nostril breath control to spark focus and metabolic energy.,1. Block left nostril gently with ring finger.,Time-Bound,Energizing Breathwork,5.0,1.0,Free,Indoor/Outdoor,12.0,99.0,Yes,Structured micro-duration provides a clear cognitive focus anchor without executive function overload.,"Proprioceptive, Rhythm",Solo,Moderate,"Calm, Stress Relief, Focus","Anxious, Stressed, Overwhelmed",anytime,Micro-movements & Breathwork
,,2. Inhale deeply through right nostril for 4s.,,,,,,,,,,,,,,,,,
,,3. Exhale through right nostril for 4s.,,,,,,,,,,,,,,,,,
,,4. Maintain rhythmic right-channel breathing for 5 minutes.,,,,,,,,,,,,,,,,,
Pragmatic Grounding Tap (Variation #93),Rhythmic body tapping protocol to re-anchor spatial awareness.,1. Tap upper chest gently with fingertips for 60s.,Time-Bound,Therapeutic & Somatic Micro-Movements,5.0,1.0,Free,Indoor/Outdoor,12.0,99.0,Yes,Structured micro-duration provides a clear cognitive focus anchor without executive function overload.,"Proprioceptive, Tactile",Solo,Moderate,"Mobility, Tension Release, Energy","Restless, Stiff, Lethargic",anytime,Micro-movements & Breathwork
,,"2. Tap down arms, belly, thighs, and calves sequentially.",,,,,,,,,,,,,,,,,
,,3. Focus on tactile feedback and temperature.,,,,,,,,,,,,,,,,,
,,4. Repeat full-body rhythm 3 times across 5 minutes.,,,,,,,,,,,,,,,,,
Wrist & Forearm Tension Release (Variation #94),Stretches wrist flexors and extensors for keyboard users.,"1. Extend right arm forward, palm up.",Time-Bound,Desk Mobility & Joint Resets,5.0,1.0,Free,Indoor/Outdoor,12.0,99.0,Yes,Structured micro-duration provides a clear cognitive focus anchor without executive function overload.,"Proprioceptive, Tactile",Solo,Moderate,"Mobility, Tension Release, Energy","Restless, Stiff, Lethargic",anytime,Micro-movements & Breathwork
,,2. Pull fingers down with left hand gently for 30s.,,,,,,,,,,,,,,,,,
,,"3. Flip palm down, pull hand back toward wrist for 30s.",,,,,,,,,,,,,,,,,
,,4. Swap sides and repeat cycles for 5 minutes.,,,,,,,,,,,,,,,,,
Creative Prose Speed Analysis (Drill #95),Structured 5-minute active reading and comprehension exercise focused on creative prose speed analysis.,1. Select a brief passage focused on creative prose speed analysis.,Time-Bound,Mindful Reading & Cognitive Micro-Drills,5.0,1.0,Free,Indoor/Outdoor,12.0,99.0,Yes,Structured micro-duration provides a clear cognitive focus anchor without executive function overload.,"Visual, Cognitive",Solo,Low,"Focus, Comprehension, Mental Clarity","Seeking Focus, Distracted, Overwhelmed",anytime,Micro-movements & Breathwork
,,2. Read continuously with active visual tracking for 3 minutes.,,,,,,,,,,,,,,,,,
,,3. Annotate key concepts or write down 2 core summary takeaways.,,,,,,,,,,,,,,,,,
,,4. Conclude with 1 minute of mental consolidation and recall check.,,,,,,,,,,,,,,,,,
Vagus Nerve Ocean Inhale - Protocol #96,Slow rhythmic deep breathing targeting vagal tone stimulation.,1. Sit upright with soft shoulders.,Time-Bound,Calming Breathwork,5.0,1.0,Free,Indoor/Outdoor,12.0,99.0,Yes,Structured micro-duration provides a clear cognitive focus anchor without executive function overload.,"Proprioceptive, Rhythm",Solo,Low,"Calm, Stress Relief, Focus","Anxious, Stressed, Overwhelmed",anytime,Micro-movements & Breathwork
,,2. Inhale deeply into lower abdomen for 5s.,,,,,,,,,,,,,,,,,
,,3. Exhale slowly with a subtle back-of-throat hum for 5s.,,,,,,,,,,,,,,,,,
,,4. Repeat smoothly for 5 minutes.,,,,,,,,,,,,,,,,,
Sun Channel Activation - Protocol #97,Right nostril breath control to spark focus and metabolic energy.,1. Block left nostril gently with ring finger.,Time-Bound,Energizing Breathwork,5.0,1.0,Free,Indoor/Outdoor,12.0,99.0,Yes,Structured micro-duration provides a clear cognitive focus anchor without executive function overload.,"Proprioceptive, Rhythm",Solo,Moderate,"Calm, Stress Relief, Focus","Anxious, Stressed, Overwhelmed",anytime,Micro-movements & Breathwork
,,2. Inhale deeply through right nostril for 4s.,,,,,,,,,,,,,,,,,
,,3. Exhale through right nostril for 4s.,,,,,,,,,,,,,,,,,
,,4. Maintain rhythmic right-channel breathing for 5 minutes.,,,,,,,,,,,,,,,,,
Somatic Tremor Shakeout (Variation #98),Vigorous full-body shaking to discharge nervous system tension.,1. Stand with feet shoulder-width apart.,Time-Bound,Therapeutic & Somatic Micro-Movements,5.0,1.0,Free,Indoor/Outdoor,12.0,99.0,Yes,Structured micro-duration provides a clear cognitive focus anchor without executive function overload.,"Proprioceptive, Tactile",Solo,Moderate,"Mobility, Tension Release, Energy","Restless, Stiff, Lethargic",anytime,Micro-movements & Breathwork
,,2. Begin bouncing lightly on heels and shaking wrist joints.,,,,,,,,,,,,,,,,,
,,"3. Allow vibration to travel up shoulders, jaw, and torso.",,,,,,,,,,,,,,,,,
,,4. Shake continuously for 5 minutes to release trapped stress.,,,,,,,,,,,,,,,,,
Seated Thoracic Decompression (Variation #99),Extends stiff thoracic spine after prolonged sitting.,1. Sit at front edge of chair.,Time-Bound,Desk Mobility & Joint Resets,5.0,1.0,Free,Indoor/Outdoor,12.0,99.0,Yes,Structured micro-duration provides a clear cognitive focus anchor without executive function overload.,"Proprioceptive, Tactile",Solo,Moderate,"Mobility, Tension Release, Energy","Restless, Stiff, Lethargic",anytime,Micro-movements & Breathwork
,,"2. Interlace fingers behind head, elbows wide.",,,,,,,,,,,,,,,,,
,,3. Inhale and arch upper back over chair back.,,,,,,,,,,,,,,,,,
,,4. Exhale and gently round forward. Repeat 10 times across 5 minutes.,,,,,,,,,,,,,,,,,
Biographical Profile Analysis (Drill #100),Structured 5-minute active reading and comprehension exercise focused on biographical profile analysis.,1. Select a brief passage focused on biographical profile analysis.,Time-Bound,Mindful Reading & Cognitive Micro-Drills,5.0,1.0,Free,Indoor/Outdoor,12.0,99.0,Yes,Structured micro-duration provides a clear cognitive focus anchor without executive function overload.,"Visual, Cognitive",Solo,Low,"Focus, Comprehension, Mental Clarity","Seeking Focus, Distracted, Overwhelmed",anytime,Micro-movements & Breathwork
,,2. Read continuously with active visual tracking for 3 minutes.,,,,,,,,,,,,,,,,,
,,3. Annotate key concepts or write down 2 core summary takeaways.,,,,,,,,,,,,,,,,,
,,4. Conclude with 1 minute of mental consolidation and recall check.,,,,,,,,,,,,,,,,,
Resonant Box Breath - Protocol #101,A balanced 4-4-4-4 rhythm to soothe the central nervous system.,1. Inhale through nose for 4 seconds.,Time-Bound,Calming Breathwork,5.0,1.0,Free,Indoor/Outdoor,12.0,99.0,Yes,Structured micro-duration provides a clear cognitive focus anchor without executive function overload.,"Proprioceptive, Rhythm",Solo,Low,"Calm, Stress Relief, Focus","Anxious, Stressed, Overwhelmed",anytime,Micro-movements & Breathwork
,,2. Hold breath for 4 seconds.,,,,,,,,,,,,,,,,,
,,3. Exhale through mouth for 4 seconds.,,,,,,,,,,,,,,,,,
,,4. Hold empty for 4 seconds. Repeat for 5 minutes.,,,,,,,,,,,,,,,,,
Bellows Vitality Pump - Protocol #102,Rhythmic rapid abdominal pumping to elevate alertness and focus.,1. Sit upright with extended spine.,Time-Bound,Energizing Breathwork,5.0,1.0,Free,Indoor/Outdoor,12.0,99.0,Yes,Structured micro-duration provides a clear cognitive focus anchor without executive function overload.,"Proprioceptive, Rhythm",Solo,Moderate,"Calm, Stress Relief, Focus","Anxious, Stressed, Overwhelmed",anytime,Micro-movements & Breathwork
,,2. Take rapid rhythmic inhales and exhales through nose at 1-second cadence.,,,,,,,,,,,,,,,,,
,,3. Keep chest steady while belly pumps aggressively.,,,,,,,,,,,,,,,,,
,,4. Perform 3 sets of 30 seconds with 15s calm recovery between sets for 5 minutes.,,,,,,,,,,,,,,,,,
Somatic Tremor Shakeout (Variation #103),Vigorous full-body shaking to discharge nervous system tension.,1. Stand with feet shoulder-width apart.,Time-Bound,Therapeutic & Somatic Micro-Movements,5.0,1.0,Free,Indoor/Outdoor,12.0,99.0,Yes,Structured micro-duration provides a clear cognitive focus anchor without executive function overload.,"Proprioceptive, Tactile",Solo,Moderate,"Mobility, Tension Release, Energy","Restless, Stiff, Lethargic",anytime,Micro-movements & Breathwork
,,2. Begin bouncing lightly on heels and shaking wrist joints.,,,,,,,,,,,,,,,,,
,,"3. Allow vibration to travel up shoulders, jaw, and torso.",,,,,,,,,,,,,,,,,
,,4. Shake continuously for 5 minutes to release trapped stress.,,,,,,,,,,,,,,,,,
Cervical Spine Glide Routine (Variation #104),Gentle cervical retractions to relieve tech-neck tightness.,1. Sit tall with chin parallel to floor.,Time-Bound,Desk Mobility & Joint Resets,5.0,1.0,Free,Indoor/Outdoor,12.0,99.0,Yes,Structured micro-duration provides a clear cognitive focus anchor without executive function overload.,"Proprioceptive, Tactile",Solo,Moderate,"Mobility, Tension Release, Energy","Restless, Stiff, Lethargic",anytime,Micro-movements & Breathwork
,,2. Glide chin straight back creating a double chin.,,,,,,,,,,,,,,,,,
,,"3. Hold 3 seconds, release forward smoothly.",,,,,,,,,,,,,,,,,
,,"4. Perform 12 reps, 3 sets across 5 minutes.",,,,,,,,,,,,,,,,,
Productivity Essay Deep-Dive (Drill #105),Structured 5-minute active reading and comprehension exercise focused on productivity essay deep-dive.,1. Select a brief passage focused on productivity essay deep-dive.,Time-Bound,Mindful Reading & Cognitive Micro-Drills,5.0,1.0,Free,Indoor/Outdoor,12.0,99.0,Yes,Structured micro-duration provides a clear cognitive focus anchor without executive function overload.,"Visual, Cognitive",Solo,Low,"Focus, Comprehension, Mental Clarity","Seeking Focus, Distracted, Overwhelmed",anytime,Micro-movements & Breathwork
,,2. Read continuously with active visual tracking for 3 minutes.,,,,,,,,,,,,,,,,,
,,3. Annotate key concepts or write down 2 core summary takeaways.,,,,,,,,,,,,,,,,,
,,4. Conclude with 1 minute of mental consolidation and recall check.,,,,,,,,,,,,,,,,,
Diaphragmatic Belly Anchor - Protocol #106,Deep grounding belly breathing to lower heart rate.,1. Place one hand on chest and one on belly.,Time-Bound,Calming Breathwork,5.0,1.0,Free,Indoor/Outdoor,12.0,99.0,Yes,Structured micro-duration provides a clear cognitive focus anchor without executive function overload.,"Proprioceptive, Rhythm",Solo,Low,"Calm, Stress Relief, Focus","Anxious, Stressed, Overwhelmed",anytime,Micro-movements & Breathwork
,,2. Breathe in deeply ensuring only the belly rises for 4s.,,,,,,,,,,,,,,,,,
,,3. Exhale slowly through pursed lips for 6s.,,,,,,,,,,,,,,,,,
,,4. Focus on tactile warmth of your hands for 5 minutes.,,,,,,,,,,,,,,,,,
Bellows Vitality Pump - Protocol #107,Rhythmic rapid abdominal pumping to elevate alertness and focus.,1. Sit upright with extended spine.,Time-Bound,Energizing Breathwork,5.0,1.0,Free,Indoor/Outdoor,12.0,99.0,Yes,Structured micro-duration provides a clear cognitive focus anchor without executive function overload.,"Proprioceptive, Rhythm",Solo,Moderate,"Calm, Stress Relief, Focus","Anxious, Stressed, Overwhelmed",anytime,Micro-movements & Breathwork
,,2. Take rapid rhythmic inhales and exhales through nose at 1-second cadence.,,,,,,,,,,,,,,,,,
,,3. Keep chest steady while belly pumps aggressively.,,,,,,,,,,,,,,,,,
,,4. Perform 3 sets of 30 seconds with 15s calm recovery between sets for 5 minutes.,,,,,,,,,,,,,,,,,
Pragmatic Grounding Tap (Variation #108),Rhythmic body tapping protocol to re-anchor spatial awareness.,1. Tap upper chest gently with fingertips for 60s.,Time-Bound,Therapeutic & Somatic Micro-Movements,5.0,1.0,Free,Indoor/Outdoor,12.0,99.0,Yes,Structured micro-duration provides a clear cognitive focus anchor without executive function overload.,"Proprioceptive, Tactile",Solo,Moderate,"Mobility, Tension Release, Energy","Restless, Stiff, Lethargic",anytime,Micro-movements & Breathwork
,,"2. Tap down arms, belly, thighs, and calves sequentially.",,,,,,,,,,,,,,,,,
,,3. Focus on tactile feedback and temperature.,,,,,,,,,,,,,,,,,
,,4. Repeat full-body rhythm 3 times across 5 minutes.,,,,,,,,,,,,,,,,,
Cervical Spine Glide Routine (Variation #109),Gentle cervical retractions to relieve tech-neck tightness.,1. Sit tall with chin parallel to floor.,Time-Bound,Desk Mobility & Joint Resets,5.0,1.0,Free,Indoor/Outdoor,12.0,99.0,Yes,Structured micro-duration provides a clear cognitive focus anchor without executive function overload.,"Proprioceptive, Tactile",Solo,Moderate,"Mobility, Tension Release, Energy","Restless, Stiff, Lethargic",anytime,Micro-movements & Breathwork
,,2. Glide chin straight back creating a double chin.,,,,,,,,,,,,,,,,,
,,"3. Hold 3 seconds, release forward smoothly.",,,,,,,,,,,,,,,,,
,,"4. Perform 12 reps, 3 sets across 5 minutes.",,,,,,,,,,,,,,,,,
Wisdom Literature Reflection (Drill #110),Structured 5-minute active reading and comprehension exercise focused on wisdom literature reflection.,1. Select a brief passage focused on wisdom literature reflection.,Time-Bound,Mindful Reading & Cognitive Micro-Drills,5.0,1.0,Free,Indoor/Outdoor,12.0,99.0,Yes,Structured micro-duration provides a clear cognitive focus anchor without executive function overload.,"Visual, Cognitive",Solo,Low,"Focus, Comprehension, Mental Clarity","Seeking Focus, Distracted, Overwhelmed",anytime,Micro-movements & Breathwork
,,2. Read continuously with active visual tracking for 3 minutes.,,,,,,,,,,,,,,,,,
,,3. Annotate key concepts or write down 2 core summary takeaways.,,,,,,,,,,,,,,,,,
,,4. Conclude with 1 minute of mental consolidation and recall check.,,,,,,,,,,,,,,,,,
Diaphragmatic Belly Anchor - Protocol #111,Deep grounding belly breathing to lower heart rate.,1. Place one hand on chest and one on belly.,Time-Bound,Calming Breathwork,5.0,1.0,Free,Indoor/Outdoor,12.0,99.0,Yes,Structured micro-duration provides a clear cognitive focus anchor without executive function overload.,"Proprioceptive, Rhythm",Solo,Low,"Calm, Stress Relief, Focus","Anxious, Stressed, Overwhelmed",anytime,Micro-movements & Breathwork
,,2. Breathe in deeply ensuring only the belly rises for 4s.,,,,,,,,,,,,,,,,,
,,3. Exhale slowly through pursed lips for 6s.,,,,,,,,,,,,,,,,,
,,4. Focus on tactile warmth of your hands for 5 minutes.,,,,,,,,,,,,,,,,,
Sun Channel Activation - Protocol #112,Right nostril breath control to spark focus and metabolic energy.,1. Block left nostril gently with ring finger.,Time-Bound,Energizing Breathwork,5.0,1.0,Free,Indoor/Outdoor,12.0,99.0,Yes,Structured micro-duration provides a clear cognitive focus anchor without executive function overload.,"Proprioceptive, Rhythm",Solo,Moderate,"Calm, Stress Relief, Focus","Anxious, Stressed, Overwhelmed",anytime,Micro-movements & Breathwork
,,2. Inhale deeply through right nostril for 4s.,,,,,,,,,,,,,,,,,
,,3. Exhale through right nostril for 4s.,,,,,,,,,,,,,,,,,
,,4. Maintain rhythmic right-channel breathing for 5 minutes.,,,,,,,,,,,,,,,,,
Ocular Horizon Tracking (Variation #113),Horizontal ocular motility reset to reduce digital eye strain.,1. Hold thumb out at arm length.,Time-Bound,Therapeutic & Somatic Micro-Movements,5.0,1.0,Free,Indoor/Outdoor,12.0,99.0,Yes,Structured micro-duration provides a clear cognitive focus anchor without executive function overload.,"Proprioceptive, Tactile",Solo,Moderate,"Mobility, Tension Release, Energy","Restless, Stiff, Lethargic",anytime,Micro-movements & Breathwork
,,2. Move thumb slowly left to right while keeping head perfectly still.,,,,,,,,,,,,,,,,,
,,3. Follow thumb tip with eyes only.,,,,,,,,,,,,,,,,,
,,"4. Perform 10 sweeps, rest 10s, repeat for 5 minutes.",,,,,,,,,,,,,,,,,
Wrist & Forearm Tension Release (Variation #114),Stretches wrist flexors and extensors for keyboard users.,"1. Extend right arm forward, palm up.",Time-Bound,Desk Mobility & Joint Resets,5.0,1.0,Free,Indoor/Outdoor,12.0,99.0,Yes,Structured micro-duration provides a clear cognitive focus anchor without executive function overload.,"Proprioceptive, Tactile",Solo,Moderate,"Mobility, Tension Release, Energy","Restless, Stiff, Lethargic",anytime,Micro-movements & Breathwork
,,2. Pull fingers down with left hand gently for 30s.,,,,,,,,,,,,,,,,,
,,"3. Flip palm down, pull hand back toward wrist for 30s.",,,,,,,,,,,,,,,,,
,,4. Swap sides and repeat cycles for 5 minutes.,,,,,,,,,,,,,,,,,
Creative Prose Speed Analysis (Drill #115),Structured 5-minute active reading and comprehension exercise focused on creative prose speed analysis.,1. Select a brief passage focused on creative prose speed analysis.,Time-Bound,Mindful Reading & Cognitive Micro-Drills,5.0,1.0,Free,Indoor/Outdoor,12.0,99.0,Yes,Structured micro-duration provides a clear cognitive focus anchor without executive function overload.,"Visual, Cognitive",Solo,Low,"Focus, Comprehension, Mental Clarity","Seeking Focus, Distracted, Overwhelmed",anytime,Micro-movements & Breathwork
,,2. Read continuously with active visual tracking for 3 minutes.,,,,,,,,,,,,,,,,,
,,3. Annotate key concepts or write down 2 core summary takeaways.,,,,,,,,,,,,,,,,,
,,4. Conclude with 1 minute of mental consolidation and recall check.,,,,,,,,,,,,,,,,,
Vagus Nerve Ocean Inhale - Protocol #116,Slow rhythmic deep breathing targeting vagal tone stimulation.,1. Sit upright with soft shoulders.,Time-Bound,Calming Breathwork,5.0,1.0,Free,Indoor/Outdoor,12.0,99.0,Yes,Structured micro-duration provides a clear cognitive focus anchor without executive function overload.,"Proprioceptive, Rhythm",Solo,Low,"Calm, Stress Relief, Focus","Anxious, Stressed, Overwhelmed",anytime,Micro-movements & Breathwork
,,2. Inhale deeply into lower abdomen for 5s.,,,,,,,,,,,,,,,,,
,,3. Exhale slowly with a subtle back-of-throat hum for 5s.,,,,,,,,,,,,,,,,,
,,4. Repeat smoothly for 5 minutes.,,,,,,,,,,,,,,,,,
Sun Channel Activation - Protocol #117,Right nostril breath control to spark focus and metabolic energy.,1. Block left nostril gently with ring finger.,Time-Bound,Energizing Breathwork,5.0,1.0,Free,Indoor/Outdoor,12.0,99.0,Yes,Structured micro-duration provides a clear cognitive focus anchor without executive function overload.,"Proprioceptive, Rhythm",Solo,Moderate,"Calm, Stress Relief, Focus","Anxious, Stressed, Overwhelmed",anytime,Micro-movements & Breathwork
,,2. Inhale deeply through right nostril for 4s.,,,,,,,,,,,,,,,,,
,,3. Exhale through right nostril for 4s.,,,,,,,,,,,,,,,,,
,,4. Maintain rhythmic right-channel breathing for 5 minutes.,,,,,,,,,,,,,,,,,
Ocular Horizon Tracking (Variation #118),Horizontal ocular motility reset to reduce digital eye strain.,1. Hold thumb out at arm length.,Time-Bound,Therapeutic & Somatic Micro-Movements,5.0,1.0,Free,Indoor/Outdoor,12.0,99.0,Yes,Structured micro-duration provides a clear cognitive focus anchor without executive function overload.,"Proprioceptive, Tactile",Solo,Moderate,"Mobility, Tension Release, Energy","Restless, Stiff, Lethargic",anytime,Micro-movements & Breathwork
,,2. Move thumb slowly left to right while keeping head perfectly still.,,,,,,,,,,,,,,,,,
,,3. Follow thumb tip with eyes only.,,,,,,,,,,,,,,,,,
,,"4. Perform 10 sweeps, rest 10s, repeat for 5 minutes.",,,,,,,,,,,,,,,,,
Seated Thoracic Decompression (Variation #119),Extends stiff thoracic spine after prolonged sitting.,1. Sit at front edge of chair.,Time-Bound,Desk Mobility & Joint Resets,5.0,1.0,Free,Indoor/Outdoor,12.0,99.0,Yes,Structured micro-duration provides a clear cognitive focus anchor without executive function overload.,"Proprioceptive, Tactile",Solo,Moderate,"Mobility, Tension Release, Energy","Restless, Stiff, Lethargic",anytime,Micro-movements & Breathwork
,,"2. Interlace fingers behind head, elbows wide.",,,,,,,,,,,,,,,,,
,,3. Inhale and arch upper back over chair back.,,,,,,,,,,,,,,,,,
,,4. Exhale and gently round forward. Repeat 10 times across 5 minutes.,,,,,,,,,,,,,,,,,
Productivity Essay Deep-Dive (Drill #120),Structured 5-minute active reading and comprehension exercise focused on productivity essay deep-dive.,1. Select a brief passage focused on productivity essay deep-dive.,Time-Bound,Mindful Reading & Cognitive Micro-Drills,5.0,1.0,Free,Indoor/Outdoor,12.0,99.0,Yes,Structured micro-duration provides a clear cognitive focus anchor without executive function overload.,"Visual, Cognitive",Solo,Low,"Focus, Comprehension, Mental Clarity","Seeking Focus, Distracted, Overwhelmed",anytime,Micro-movements & Breathwork
,,2. Read continuously with active visual tracking for 3 minutes.,,,,,,,,,,,,,,,,,
,,3. Annotate key concepts or write down 2 core summary takeaways.,,,,,,,,,,,,,,,,,
,,4. Conclude with 1 minute of mental consolidation and recall check.,,,,,,,,,,,,,,,,,
4-8 Cadence Decompression - Protocol #121,Extended exhale pattern engineered for immediate nervous system down-regulation.,1. Inhale nose for 4 seconds.,Time-Bound,Calming Breathwork,5.0,1.0,Free,Indoor/Outdoor,12.0,99.0,Yes,Structured micro-duration provides a clear cognitive focus anchor without executive function overload.,"Proprioceptive, Rhythm",Solo,Low,"Calm, Stress Relief, Focus","Anxious, Stressed, Overwhelmed",anytime,Micro-movements & Breathwork
,,2. Exhale slowly and completely through mouth for 8 seconds.,,,,,,,,,,,,,,,,,
,,3. Pause 1 second at the bottom.,,,,,,,,,,,,,,,,,
,,4. Repeat cycle for 5 minutes.,,,,,,,,,,,,,,,,,
Segmented Morning Inhale - Protocol #122,Staccato three-part inhale to clear brain fog instantly.,1. Take short inhale step 1 into belly.,Time-Bound,Energizing Breathwork,5.0,1.0,Free,Indoor/Outdoor,12.0,99.0,Yes,Structured micro-duration provides a clear cognitive focus anchor without executive function overload.,"Proprioceptive, Rhythm",Solo,Moderate,"Calm, Stress Relief, Focus","Anxious, Stressed, Overwhelmed",anytime,Micro-movements & Breathwork
,,2. Take short inhale step 2 into chest.,,,,,,,,,,,,,,,,,
,,3. Take short inhale step 3 into collarbones.,,,,,,,,,,,,,,,,,
,,4. Exhale smooth and unforced. Repeat for 5 minutes.,,,,,,,,,,,,,,,,,
Ocular Horizon Tracking (Variation #123),Horizontal ocular motility reset to reduce digital eye strain.,1. Hold thumb out at arm length.,Time-Bound,Therapeutic & Somatic Micro-Movements,5.0,1.0,Free,Indoor/Outdoor,12.0,99.0,Yes,Structured micro-duration provides a clear cognitive focus anchor without executive function overload.,"Proprioceptive, Tactile",Solo,Moderate,"Mobility, Tension Release, Energy","Restless, Stiff, Lethargic",anytime,Micro-movements & Breathwork
,,2. Move thumb slowly left to right while keeping head perfectly still.,,,,,,,,,,,,,,,,,
,,3. Follow thumb tip with eyes only.,,,,,,,,,,,,,,,,,
,,"4. Perform 10 sweeps, rest 10s, repeat for 5 minutes.",,,,,,,,,,,,,,,,,
Wrist & Forearm Tension Release (Variation #124),Stretches wrist flexors and extensors for keyboard users.,"1. Extend right arm forward, palm up.",Time-Bound,Desk Mobility & Joint Resets,5.0,1.0,Free,Indoor/Outdoor,12.0,99.0,Yes,Structured micro-duration provides a clear cognitive focus anchor without executive function overload.,"Proprioceptive, Tactile",Solo,Moderate,"Mobility, Tension Release, Energy","Restless, Stiff, Lethargic",anytime,Micro-movements & Breathwork
,,2. Pull fingers down with left hand gently for 30s.,,,,,,,,,,,,,,,,,
,,"3. Flip palm down, pull hand back toward wrist for 30s.",,,,,,,,,,,,,,,,,
,,4. Swap sides and repeat cycles for 5 minutes.,,,,,,,,,,,,,,,,,
Wisdom Literature Reflection (Drill #125),Structured 5-minute active reading and comprehension exercise focused on wisdom literature reflection.,1. Select a brief passage focused on wisdom literature reflection.,Time-Bound,Mindful Reading & Cognitive Micro-Drills,5.0,1.0,Free,Indoor/Outdoor,12.0,99.0,Yes,Structured micro-duration provides a clear cognitive focus anchor without executive function overload.,"Visual, Cognitive",Solo,Low,"Focus, Comprehension, Mental Clarity","Seeking Focus, Distracted, Overwhelmed",anytime,Micro-movements & Breathwork
,,2. Read continuously with active visual tracking for 3 minutes.,,,,,,,,,,,,,,,,,
,,3. Annotate key concepts or write down 2 core summary takeaways.,,,,,,,,,,,,,,,,,
,,4. Conclude with 1 minute of mental consolidation and recall check.,,,,,,,,,,,,,,,,,
Diaphragmatic Belly Anchor - Protocol #126,Deep grounding belly breathing to lower heart rate.,1. Place one hand on chest and one on belly.,Time-Bound,Calming Breathwork,5.0,1.0,Free,Indoor/Outdoor,12.0,99.0,Yes,Structured micro-duration provides a clear cognitive focus anchor without executive function overload.,"Proprioceptive, Rhythm",Solo,Low,"Calm, Stress Relief, Focus","Anxious, Stressed, Overwhelmed",anytime,Micro-movements & Breathwork
,,2. Breathe in deeply ensuring only the belly rises for 4s.,,,,,,,,,,,,,,,,,
,,3. Exhale slowly through pursed lips for 6s.,,,,,,,,,,,,,,,,,
,,4. Focus on tactile warmth of your hands for 5 minutes.,,,,,,,,,,,,,,,,,
Bellows Vitality Pump - Protocol #127,Rhythmic rapid abdominal pumping to elevate alertness and focus.,1. Sit upright with extended spine.,Time-Bound,Energizing Breathwork,5.0,1.0,Free,Indoor/Outdoor,12.0,99.0,Yes,Structured micro-duration provides a clear cognitive focus anchor without executive function overload.,"Proprioceptive, Rhythm",Solo,Moderate,"Calm, Stress Relief, Focus","Anxious, Stressed, Overwhelmed",anytime,Micro-movements & Breathwork
,,2. Take rapid rhythmic inhales and exhales through nose at 1-second cadence.,,,,,,,,,,,,,,,,,
,,3. Keep chest steady while belly pumps aggressively.,,,,,,,,,,,,,,,,,
,,4. Perform 3 sets of 30 seconds with 15s calm recovery between sets for 5 minutes.,,,,,,,,,,,,,,,,,
Somatic Tremor Shakeout (Variation #128),Vigorous full-body shaking to discharge nervous system tension.,1. Stand with feet shoulder-width apart.,Time-Bound,Therapeutic & Somatic Micro-Movements,5.0,1.0,Free,Indoor/Outdoor,12.0,99.0,Yes,Structured micro-duration provides a clear cognitive focus anchor without executive function overload.,"Proprioceptive, Tactile",Solo,Moderate,"Mobility, Tension Release, Energy","Restless, Stiff, Lethargic",anytime,Micro-movements & Breathwork
,,2. Begin bouncing lightly on heels and shaking wrist joints.,,,,,,,,,,,,,,,,,
,,"3. Allow vibration to travel up shoulders, jaw, and torso.",,,,,,,,,,,,,,,,,
,,4. Shake continuously for 5 minutes to release trapped stress.,,,,,,,,,,,,,,,,,
Seated Thoracic Decompression (Variation #129),Extends stiff thoracic spine after prolonged sitting.,1. Sit at front edge of chair.,Time-Bound,Desk Mobility & Joint Resets,5.0,1.0,Free,Indoor/Outdoor,12.0,99.0,Yes,Structured micro-duration provides a clear cognitive focus anchor without executive function overload.,"Proprioceptive, Tactile",Solo,Moderate,"Mobility, Tension Release, Energy","Restless, Stiff, Lethargic",anytime,Micro-movements & Breathwork
,,"2. Interlace fingers behind head, elbows wide.",,,,,,,,,,,,,,,,,
,,3. Inhale and arch upper back over chair back.,,,,,,,,,,,,,,,,,
,,4. Exhale and gently round forward. Repeat 10 times across 5 minutes.,,,,,,,,,,,,,,,,,
Stoic Maxims Comprehension (Drill #130),Structured 5-minute active reading and comprehension exercise focused on stoic maxims comprehension.,1. Select a brief passage focused on stoic maxims comprehension.,Time-Bound,Mindful Reading & Cognitive Micro-Drills,5.0,1.0,Free,Indoor/Outdoor,12.0,99.0,Yes,Structured micro-duration provides a clear cognitive focus anchor without executive function overload.,"Visual, Cognitive",Solo,Low,"Focus, Comprehension, Mental Clarity","Seeking Focus, Distracted, Overwhelmed",anytime,Micro-movements & Breathwork
,,2. Read continuously with active visual tracking for 3 minutes.,,,,,,,,,,,,,,,,,
,,3. Annotate key concepts or write down 2 core summary takeaways.,,,,,,,,,,,,,,,,,
,,4. Conclude with 1 minute of mental consolidation and recall check.,,,,,,,,,,,,,,,,,
Diaphragmatic Belly Anchor - Protocol #131,Deep grounding belly breathing to lower heart rate.,1. Place one hand on chest and one on belly.,Time-Bound,Calming Breathwork,5.0,1.0,Free,Indoor/Outdoor,12.0,99.0,Yes,Structured micro-duration provides a clear cognitive focus anchor without executive function overload.,"Proprioceptive, Rhythm",Solo,Low,"Calm, Stress Relief, Focus","Anxious, Stressed, Overwhelmed",anytime,Micro-movements & Breathwork
,,2. Breathe in deeply ensuring only the belly rises for 4s.,,,,,,,,,,,,,,,,,
,,3. Exhale slowly through pursed lips for 6s.,,,,,,,,,,,,,,,,,
,,4. Focus on tactile warmth of your hands for 5 minutes.,,,,,,,,,,,,,,,,,
Bellows Vitality Pump - Protocol #132,Rhythmic rapid abdominal pumping to elevate alertness and focus.,1. Sit upright with extended spine.,Time-Bound,Energizing Breathwork,5.0,1.0,Free,Indoor/Outdoor,12.0,99.0,Yes,Structured micro-duration provides a clear cognitive focus anchor without executive function overload.,"Proprioceptive, Rhythm",Solo,Moderate,"Calm, Stress Relief, Focus","Anxious, Stressed, Overwhelmed",anytime,Micro-movements & Breathwork
,,2. Take rapid rhythmic inhales and exhales through nose at 1-second cadence.,,,,,,,,,,,,,,,,,
,,3. Keep chest steady while belly pumps aggressively.,,,,,,,,,,,,,,,,,
,,4. Perform 3 sets of 30 seconds with 15s calm recovery between sets for 5 minutes.,,,,,,,,,,,,,,,,,
Somatic Tremor Shakeout (Variation #133),Vigorous full-body shaking to discharge nervous system tension.,1. Stand with feet shoulder-width apart.,Time-Bound,Therapeutic & Somatic Micro-Movements,5.0,1.0,Free,Indoor/Outdoor,12.0,99.0,Yes,Structured micro-duration provides a clear cognitive focus anchor without executive function overload.,"Proprioceptive, Tactile",Solo,Moderate,"Mobility, Tension Release, Energy","Restless, Stiff, Lethargic",anytime,Micro-movements & Breathwork
,,2. Begin bouncing lightly on heels and shaking wrist joints.,,,,,,,,,,,,,,,,,
,,"3. Allow vibration to travel up shoulders, jaw, and torso.",,,,,,,,,,,,,,,,,
,,4. Shake continuously for 5 minutes to release trapped stress.,,,,,,,,,,,,,,,,,
Wrist & Forearm Tension Release (Variation #134),Stretches wrist flexors and extensors for keyboard users.,"1. Extend right arm forward, palm up.",Time-Bound,Desk Mobility & Joint Resets,5.0,1.0,Free,Indoor/Outdoor,12.0,99.0,Yes,Structured micro-duration provides a clear cognitive focus anchor without executive function overload.,"Proprioceptive, Tactile",Solo,Moderate,"Mobility, Tension Release, Energy","Restless, Stiff, Lethargic",anytime,Micro-movements & Breathwork
,,2. Pull fingers down with left hand gently for 30s.,,,,,,,,,,,,,,,,,
,,"3. Flip palm down, pull hand back toward wrist for 30s.",,,,,,,,,,,,,,,,,
,,4. Swap sides and repeat cycles for 5 minutes.,,,,,,,,,,,,,,,,,
Technical Synthesis Reading (Drill #135),Structured 5-minute active reading and comprehension exercise focused on technical synthesis reading.,1. Select a brief passage focused on technical synthesis reading.,Time-Bound,Mindful Reading & Cognitive Micro-Drills,5.0,1.0,Free,Indoor/Outdoor,12.0,99.0,Yes,Structured micro-duration provides a clear cognitive focus anchor without executive function overload.,"Visual, Cognitive",Solo,Low,"Focus, Comprehension, Mental Clarity","Seeking Focus, Distracted, Overwhelmed",anytime,Micro-movements & Breathwork
,,2. Read continuously with active visual tracking for 3 minutes.,,,,,,,,,,,,,,,,,
,,3. Annotate key concepts or write down 2 core summary takeaways.,,,,,,,,,,,,,,,,,
,,4. Conclude with 1 minute of mental consolidation and recall check.,,,,,,,,,,,,,,,,,
4-8 Cadence Decompression - Protocol #136,Extended exhale pattern engineered for immediate nervous system down-regulation.,1. Inhale nose for 4 seconds.,Time-Bound,Calming Breathwork,5.0,1.0,Free,Indoor/Outdoor,12.0,99.0,Yes,Structured micro-duration provides a clear cognitive focus anchor without executive function overload.,"Proprioceptive, Rhythm",Solo,Low,"Calm, Stress Relief, Focus","Anxious, Stressed, Overwhelmed",anytime,Micro-movements & Breathwork
,,2. Exhale slowly and completely through mouth for 8 seconds.,,,,,,,,,,,,,,,,,
,,3. Pause 1 second at the bottom.,,,,,,,,,,,,,,,,,
,,4. Repeat cycle for 5 minutes.,,,,,,,,,,,,,,,,,
Segmented Morning Inhale - Protocol #137,Staccato three-part inhale to clear brain fog instantly.,1. Take short inhale step 1 into belly.,Time-Bound,Energizing Breathwork,5.0,1.0,Free,Indoor/Outdoor,12.0,99.0,Yes,Structured micro-duration provides a clear cognitive focus anchor without executive function overload.,"Proprioceptive, Rhythm",Solo,Moderate,"Calm, Stress Relief, Focus","Anxious, Stressed, Overwhelmed",anytime,Micro-movements & Breathwork
,,2. Take short inhale step 2 into chest.,,,,,,,,,,,,,,,,,
,,3. Take short inhale step 3 into collarbones.,,,,,,,,,,,,,,,,,
,,4. Exhale smooth and unforced. Repeat for 5 minutes.,,,,,,,,,,,,,,,,,
Ocular Horizon Tracking (Variation #138),Horizontal ocular motility reset to reduce digital eye strain.,1. Hold thumb out at arm length.,Time-Bound,Therapeutic & Somatic Micro-Movements,5.0,1.0,Free,Indoor/Outdoor,12.0,99.0,Yes,Structured micro-duration provides a clear cognitive focus anchor without executive function overload.,"Proprioceptive, Tactile",Solo,Moderate,"Mobility, Tension Release, Energy","Restless, Stiff, Lethargic",anytime,Micro-movements & Breathwork
,,2. Move thumb slowly left to right while keeping head perfectly still.,,,,,,,,,,,,,,,,,
,,3. Follow thumb tip with eyes only.,,,,,,,,,,,,,,,,,
,,"4. Perform 10 sweeps, rest 10s, repeat for 5 minutes.",,,,,,,,,,,,,,,,,
Cervical Spine Glide Routine (Variation #139),Gentle cervical retractions to relieve tech-neck tightness.,1. Sit tall with chin parallel to floor.,Time-Bound,Desk Mobility & Joint Resets,5.0,1.0,Free,Indoor/Outdoor,12.0,99.0,Yes,Structured micro-duration provides a clear cognitive focus anchor without executive function overload.,"Proprioceptive, Tactile",Solo,Moderate,"Mobility, Tension Release, Energy","Restless, Stiff, Lethargic",anytime,Micro-movements & Breathwork
,,2. Glide chin straight back creating a double chin.,,,,,,,,,,,,,,,,,
,,"3. Hold 3 seconds, release forward smoothly.",,,,,,,,,,,,,,,,,
,,"4. Perform 12 reps, 3 sets across 5 minutes.",,,,,,,,,,,,,,,,,
Biographical Profile Analysis (Drill #140),Structured 5-minute active reading and comprehension exercise focused on biographical profile analysis.,1. Select a brief passage focused on biographical profile analysis.,Time-Bound,Mindful Reading & Cognitive Micro-Drills,5.0,1.0,Free,Indoor/Outdoor,12.0,99.0,Yes,Structured micro-duration provides a clear cognitive focus anchor without executive function overload.,"Visual, Cognitive",Solo,Low,"Focus, Comprehension, Mental Clarity","Seeking Focus, Distracted, Overwhelmed",anytime,Micro-movements & Breathwork
,,2. Read continuously with active visual tracking for 3 minutes.,,,,,,,,,,,,,,,,,
,,3. Annotate key concepts or write down 2 core summary takeaways.,,,,,,,,,,,,,,,,,
,,4. Conclude with 1 minute of mental consolidation and recall check.,,,,,,,,,,,,,,,,,
Vagus Nerve Ocean Inhale - Protocol #141,Slow rhythmic deep breathing targeting vagal tone stimulation.,1. Sit upright with soft shoulders.,Time-Bound,Calming Breathwork,5.0,1.0,Free,Indoor/Outdoor,12.0,99.0,Yes,Structured micro-duration provides a clear cognitive focus anchor without executive function overload.,"Proprioceptive, Rhythm",Solo,Low,"Calm, Stress Relief, Focus","Anxious, Stressed, Overwhelmed",anytime,Micro-movements & Breathwork
,,2. Inhale deeply into lower abdomen for 5s.,,,,,,,,,,,,,,,,,
,,3. Exhale slowly with a subtle back-of-throat hum for 5s.,,,,,,,,,,,,,,,,,
,,4. Repeat smoothly for 5 minutes.,,,,,,,,,,,,,,,,,
Bellows Vitality Pump - Protocol #142,Rhythmic rapid abdominal pumping to elevate alertness and focus.,1. Sit upright with extended spine.,Time-Bound,Energizing Breathwork,5.0,1.0,Free,Indoor/Outdoor,12.0,99.0,Yes,Structured micro-duration provides a clear cognitive focus anchor without executive function overload.,"Proprioceptive, Rhythm",Solo,Moderate,"Calm, Stress Relief, Focus","Anxious, Stressed, Overwhelmed",anytime,Micro-movements & Breathwork
,,2. Take rapid rhythmic inhales and exhales through nose at 1-second cadence.,,,,,,,,,,,,,,,,,
,,3. Keep chest steady while belly pumps aggressively.,,,,,,,,,,,,,,,,,
,,4. Perform 3 sets of 30 seconds with 15s calm recovery between sets for 5 minutes.,,,,,,,,,,,,,,,,,
Ocular Horizon Tracking (Variation #143),Horizontal ocular motility reset to reduce digital eye strain.,1. Hold thumb out at arm length.,Time-Bound,Therapeutic & Somatic Micro-Movements,5.0,1.0,Free,Indoor/Outdoor,12.0,99.0,Yes,Structured micro-duration provides a clear cognitive focus anchor without executive function overload.,"Proprioceptive, Tactile",Solo,Moderate,"Mobility, Tension Release, Energy","Restless, Stiff, Lethargic",anytime,Micro-movements & Breathwork
,,2. Move thumb slowly left to right while keeping head perfectly still.,,,,,,,,,,,,,,,,,
,,3. Follow thumb tip with eyes only.,,,,,,,,,,,,,,,,,
,,"4. Perform 10 sweeps, rest 10s, repeat for 5 minutes.",,,,,,,,,,,,,,,,,
Wrist & Forearm Tension Release (Variation #144),Stretches wrist flexors and extensors for keyboard users.,"1. Extend right arm forward, palm up.",Time-Bound,Desk Mobility & Joint Resets,5.0,1.0,Free,Indoor/Outdoor,12.0,99.0,Yes,Structured micro-duration provides a clear cognitive focus anchor without executive function overload.,"Proprioceptive, Tactile",Solo,Moderate,"Mobility, Tension Release, Energy","Restless, Stiff, Lethargic",anytime,Micro-movements & Breathwork
,,2. Pull fingers down with left hand gently for 30s.,,,,,,,,,,,,,,,,,
,,"3. Flip palm down, pull hand back toward wrist for 30s.",,,,,,,,,,,,,,,,,
,,4. Swap sides and repeat cycles for 5 minutes.,,,,,,,,,,,,,,,,,
Psychology Insight Parsing (Drill #145),Structured 5-minute active reading and comprehension exercise focused on psychology insight parsing.,1. Select a brief passage focused on psychology insight parsing.,Time-Bound,Mindful Reading & Cognitive Micro-Drills,5.0,1.0,Free,Indoor/Outdoor,12.0,99.0,Yes,Structured micro-duration provides a clear cognitive focus anchor without executive function overload.,"Visual, Cognitive",Solo,Low,"Focus, Comprehension, Mental Clarity","Seeking Focus, Distracted, Overwhelmed",anytime,Micro-movements & Breathwork
,,2. Read continuously with active visual tracking for 3 minutes.,,,,,,,,,,,,,,,,,
,,3. Annotate key concepts or write down 2 core summary takeaways.,,,,,,,,,,,,,,,,,
,,4. Conclude with 1 minute of mental consolidation and recall check.,,,,,,,,,,,,,,,,,
4-8 Cadence Decompression - Protocol #146,Extended exhale pattern engineered for immediate nervous system down-regulation.,1. Inhale nose for 4 seconds.,Time-Bound,Calming Breathwork,5.0,1.0,Free,Indoor/Outdoor,12.0,99.0,Yes,Structured micro-duration provides a clear cognitive focus anchor without executive function overload.,"Proprioceptive, Rhythm",Solo,Low,"Calm, Stress Relief, Focus","Anxious, Stressed, Overwhelmed",anytime,Micro-movements & Breathwork
,,2. Exhale slowly and completely through mouth for 8 seconds.,,,,,,,,,,,,,,,,,
,,3. Pause 1 second at the bottom.,,,,,,,,,,,,,,,,,
,,4. Repeat cycle for 5 minutes.,,,,,,,,,,,,,,,,,
Sun Channel Activation - Protocol #147,Right nostril breath control to spark focus and metabolic energy.,1. Block left nostril gently with ring finger.,Time-Bound,Energizing Breathwork,5.0,1.0,Free,Indoor/Outdoor,12.0,99.0,Yes,Structured micro-duration provides a clear cognitive focus anchor without executive function overload.,"Proprioceptive, Rhythm",Solo,Moderate,"Calm, Stress Relief, Focus","Anxious, Stressed, Overwhelmed",anytime,Micro-movements & Breathwork
,,2. Inhale deeply through right nostril for 4s.,,,,,,,,,,,,,,,,,
,,3. Exhale through right nostril for 4s.,,,,,,,,,,,,,,,,,
,,4. Maintain rhythmic right-channel breathing for 5 minutes.,,,,,,,,,,,,,,,,,
Pragmatic Grounding Tap (Variation #148),Rhythmic body tapping protocol to re-anchor spatial awareness.,1. Tap upper chest gently with fingertips for 60s.,Time-Bound,Therapeutic & Somatic Micro-Movements,5.0,1.0,Free,Indoor/Outdoor,12.0,99.0,Yes,Structured micro-duration provides a clear cognitive focus anchor without executive function overload.,"Proprioceptive, Tactile",Solo,Moderate,"Mobility, Tension Release, Energy","Restless, Stiff, Lethargic",anytime,Micro-movements & Breathwork
,,"2. Tap down arms, belly, thighs, and calves sequentially.",,,,,,,,,,,,,,,,,
,,3. Focus on tactile feedback and temperature.,,,,,,,,,,,,,,,,,
,,4. Repeat full-body rhythm 3 times across 5 minutes.,,,,,,,,,,,,,,,,,
Cervical Spine Glide Routine (Variation #149),Gentle cervical retractions to relieve tech-neck tightness.,1. Sit tall with chin parallel to floor.,Time-Bound,Desk Mobility & Joint Resets,5.0,1.0,Free,Indoor/Outdoor,12.0,99.0,Yes,Structured micro-duration provides a clear cognitive focus anchor without executive function overload.,"Proprioceptive, Tactile",Solo,Moderate,"Mobility, Tension Release, Energy","Restless, Stiff, Lethargic",anytime,Micro-movements & Breathwork
,,2. Glide chin straight back creating a double chin.,,,,,,,,,,,,,,,,,
,,"3. Hold 3 seconds, release forward smoothly.",,,,,,,,,,,,,,,,,
,,"4. Perform 12 reps, 3 sets across 5 minutes.",,,,,,,,,,,,,,,,,
Philosophical Text Study (Drill #150),Structured 5-minute active reading and comprehension exercise focused on philosophical text study.,1. Select a brief passage focused on philosophical text study.,Time-Bound,Mindful Reading & Cognitive Micro-Drills,5.0,1.0,Free,Indoor/Outdoor,12.0,99.0,Yes,Structured micro-duration provides a clear cognitive focus anchor without executive function overload.,"Visual, Cognitive",Solo,Low,"Focus, Comprehension, Mental Clarity","Seeking Focus, Distracted, Overwhelmed",anytime,Micro-movements & Breathwork
,,2. Read continuously with active visual tracking for 3 minutes.,,,,,,,,,,,,,,,,,
,,3. Annotate key concepts or write down 2 core summary takeaways.,,,,,,,,,,,,,,,,,
,,4. Conclude with 1 minute of mental consolidation and recall check.,,,,,,,,,,,,,,,,,
4-8 Cadence Decompression - Protocol #151,Extended exhale pattern engineered for immediate nervous system down-regulation.,1. Inhale nose for 4 seconds.,Time-Bound,Calming Breathwork,5.0,1.0,Free,Indoor/Outdoor,12.0,99.0,Yes,Structured micro-duration provides a clear cognitive focus anchor without executive function overload.,"Proprioceptive, Rhythm",Solo,Low,"Calm, Stress Relief, Focus","Anxious, Stressed, Overwhelmed",anytime,Micro-movements & Breathwork
,,2. Exhale slowly and completely through mouth for 8 seconds.,,,,,,,,,,,,,,,,,
,,3. Pause 1 second at the bottom.,,,,,,,,,,,,,,,,,
,,4. Repeat cycle for 5 minutes.,,,,,,,,,,,,,,,,,
Bellows Vitality Pump - Protocol #152,Rhythmic rapid abdominal pumping to elevate alertness and focus.,1. Sit upright with extended spine.,Time-Bound,Energizing Breathwork,5.0,1.0,Free,Indoor/Outdoor,12.0,99.0,Yes,Structured micro-duration provides a clear cognitive focus anchor without executive function overload.,"Proprioceptive, Rhythm",Solo,Moderate,"Calm, Stress Relief, Focus","Anxious, Stressed, Overwhelmed",anytime,Micro-movements & Breathwork
,,2. Take rapid rhythmic inhales and exhales through nose at 1-second cadence.,,,,,,,,,,,,,,,,,
,,3. Keep chest steady while belly pumps aggressively.,,,,,,,,,,,,,,,,,
,,4. Perform 3 sets of 30 seconds with 15s calm recovery between sets for 5 minutes.,,,,,,,,,,,,,,,,,
Somatic Tremor Shakeout (Variation #153),Vigorous full-body shaking to discharge nervous system tension.,1. Stand with feet shoulder-width apart.,Time-Bound,Therapeutic & Somatic Micro-Movements,5.0,1.0,Free,Indoor/Outdoor,12.0,99.0,Yes,Structured micro-duration provides a clear cognitive focus anchor without executive function overload.,"Proprioceptive, Tactile",Solo,Moderate,"Mobility, Tension Release, Energy","Restless, Stiff, Lethargic",anytime,Micro-movements & Breathwork
,,2. Begin bouncing lightly on heels and shaking wrist joints.,,,,,,,,,,,,,,,,,
,,"3. Allow vibration to travel up shoulders, jaw, and torso.",,,,,,,,,,,,,,,,,
,,4. Shake continuously for 5 minutes to release trapped stress.,,,,,,,,,,,,,,,,,
Seated Thoracic Decompression (Variation #154),Extends stiff thoracic spine after prolonged sitting.,1. Sit at front edge of chair.,Time-Bound,Desk Mobility & Joint Resets,5.0,1.0,Free,Indoor/Outdoor,12.0,99.0,Yes,Structured micro-duration provides a clear cognitive focus anchor without executive function overload.,"Proprioceptive, Tactile",Solo,Moderate,"Mobility, Tension Release, Energy","Restless, Stiff, Lethargic",anytime,Micro-movements & Breathwork
,,"2. Interlace fingers behind head, elbows wide.",,,,,,,,,,,,,,,,,
,,3. Inhale and arch upper back over chair back.,,,,,,,,,,,,,,,,,
,,4. Exhale and gently round forward. Repeat 10 times across 5 minutes.,,,,,,,,,,,,,,,,,
Wisdom Literature Reflection (Drill #155),Structured 5-minute active reading and comprehension exercise focused on wisdom literature reflection.,1. Select a brief passage focused on wisdom literature reflection.,Time-Bound,Mindful Reading & Cognitive Micro-Drills,5.0,1.0,Free,Indoor/Outdoor,12.0,99.0,Yes,Structured micro-duration provides a clear cognitive focus anchor without executive function overload.,"Visual, Cognitive",Solo,Low,"Focus, Comprehension, Mental Clarity","Seeking Focus, Distracted, Overwhelmed",anytime,Micro-movements & Breathwork
,,2. Read continuously with active visual tracking for 3 minutes.,,,,,,,,,,,,,,,,,
,,3. Annotate key concepts or write down 2 core summary takeaways.,,,,,,,,,,,,,,,,,
,,4. Conclude with 1 minute of mental consolidation and recall check.,,,,,,,,,,,,,,,,,
Vagus Nerve Ocean Inhale - Protocol #156,Slow rhythmic deep breathing targeting vagal tone stimulation.,1. Sit upright with soft shoulders.,Time-Bound,Calming Breathwork,5.0,1.0,Free,Indoor/Outdoor,12.0,99.0,Yes,Structured micro-duration provides a clear cognitive focus anchor without executive function overload.,"Proprioceptive, Rhythm",Solo,Low,"Calm, Stress Relief, Focus","Anxious, Stressed, Overwhelmed",anytime,Micro-movements & Breathwork
,,2. Inhale deeply into lower abdomen for 5s.,,,,,,,,,,,,,,,,,
,,3. Exhale slowly with a subtle back-of-throat hum for 5s.,,,,,,,,,,,,,,,,,
,,4. Repeat smoothly for 5 minutes.,,,,,,,,,,,,,,,,,
Sun Channel Activation - Protocol #157,Right nostril breath control to spark focus and metabolic energy.,1. Block left nostril gently with ring finger.,Time-Bound,Energizing Breathwork,5.0,1.0,Free,Indoor/Outdoor,12.0,99.0,Yes,Structured micro-duration provides a clear cognitive focus anchor without executive function overload.,"Proprioceptive, Rhythm",Solo,Moderate,"Calm, Stress Relief, Focus","Anxious, Stressed, Overwhelmed",anytime,Micro-movements & Breathwork
,,2. Inhale deeply through right nostril for 4s.,,,,,,,,,,,,,,,,,
,,3. Exhale through right nostril for 4s.,,,,,,,,,,,,,,,,,
,,4. Maintain rhythmic right-channel breathing for 5 minutes.,,,,,,,,,,,,,,,,,
Pragmatic Grounding Tap (Variation #158),Rhythmic body tapping protocol to re-anchor spatial awareness.,1. Tap upper chest gently with fingertips for 60s.,Time-Bound,Therapeutic & Somatic Micro-Movements,5.0,1.0,Free,Indoor/Outdoor,12.0,99.0,Yes,Structured micro-duration provides a clear cognitive focus anchor without executive function overload.,"Proprioceptive, Tactile",Solo,Moderate,"Mobility, Tension Release, Energy","Restless, Stiff, Lethargic",anytime,Micro-movements & Breathwork
,,"2. Tap down arms, belly, thighs, and calves sequentially.",,,,,,,,,,,,,,,,,
,,3. Focus on tactile feedback and temperature.,,,,,,,,,,,,,,,,,
,,4. Repeat full-body rhythm 3 times across 5 minutes.,,,,,,,,,,,,,,,,,
Wrist & Forearm Tension Release (Variation #159),Stretches wrist flexors and extensors for keyboard users.,"1. Extend right arm forward, palm up.",Time-Bound,Desk Mobility & Joint Resets,5.0,1.0,Free,Indoor/Outdoor,12.0,99.0,Yes,Structured micro-duration provides a clear cognitive focus anchor without executive function overload.,"Proprioceptive, Tactile",Solo,Moderate,"Mobility, Tension Release, Energy","Restless, Stiff, Lethargic",anytime,Micro-movements & Breathwork
,,2. Pull fingers down with left hand gently for 30s.,,,,,,,,,,,,,,,,,
,,"3. Flip palm down, pull hand back toward wrist for 30s.",,,,,,,,,,,,,,,,,
,,4. Swap sides and repeat cycles for 5 minutes.,,,,,,,,,,,,,,,,,
Stoic Maxims Comprehension (Drill #160),Structured 5-minute active reading and comprehension exercise focused on stoic maxims comprehension.,1. Select a brief passage focused on stoic maxims comprehension.,Time-Bound,Mindful Reading & Cognitive Micro-Drills,5.0,1.0,Free,Indoor/Outdoor,12.0,99.0,Yes,Structured micro-duration provides a clear cognitive focus anchor without executive function overload.,"Visual, Cognitive",Solo,Low,"Focus, Comprehension, Mental Clarity","Seeking Focus, Distracted, Overwhelmed",anytime,Micro-movements & Breathwork
,,2. Read continuously with active visual tracking for 3 minutes.,,,,,,,,,,,,,,,,,
,,3. Annotate key concepts or write down 2 core summary takeaways.,,,,,,,,,,,,,,,,,
,,4. Conclude with 1 minute of mental consolidation and recall check.,,,,,,,,,,,,,,,,,
4-8 Cadence Decompression - Protocol #161,Extended exhale pattern engineered for immediate nervous system down-regulation.,1. Inhale nose for 4 seconds.,Time-Bound,Calming Breathwork,5.0,1.0,Free,Indoor/Outdoor,12.0,99.0,Yes,Structured micro-duration provides a clear cognitive focus anchor without executive function overload.,"Proprioceptive, Rhythm",Solo,Low,"Calm, Stress Relief, Focus","Anxious, Stressed, Overwhelmed",anytime,Micro-movements & Breathwork
,,2. Exhale slowly and completely through mouth for 8 seconds.,,,,,,,,,,,,,,,,,
,,3. Pause 1 second at the bottom.,,,,,,,,,,,,,,,,,
,,4. Repeat cycle for 5 minutes.,,,,,,,,,,,,,,,,,
Sun Channel Activation - Protocol #162,Right nostril breath control to spark focus and metabolic energy.,1. Block left nostril gently with ring finger.,Time-Bound,Energizing Breathwork,5.0,1.0,Free,Indoor/Outdoor,12.0,99.0,Yes,Structured micro-duration provides a clear cognitive focus anchor without executive function overload.,"Proprioceptive, Rhythm",Solo,Moderate,"Calm, Stress Relief, Focus","Anxious, Stressed, Overwhelmed",anytime,Micro-movements & Breathwork
,,2. Inhale deeply through right nostril for 4s.,,,,,,,,,,,,,,,,,
,,3. Exhale through right nostril for 4s.,,,,,,,,,,,,,,,,,
,,4. Maintain rhythmic right-channel breathing for 5 minutes.,,,,,,,,,,,,,,,,,
Pragmatic Grounding Tap (Variation #163),Rhythmic body tapping protocol to re-anchor spatial awareness.,1. Tap upper chest gently with fingertips for 60s.,Time-Bound,Therapeutic & Somatic Micro-Movements,5.0,1.0,Free,Indoor/Outdoor,12.0,99.0,Yes,Structured micro-duration provides a clear cognitive focus anchor without executive function overload.,"Proprioceptive, Tactile",Solo,Moderate,"Mobility, Tension Release, Energy","Restless, Stiff, Lethargic",anytime,Micro-movements & Breathwork
,,"2. Tap down arms, belly, thighs, and calves sequentially.",,,,,,,,,,,,,,,,,
,,3. Focus on tactile feedback and temperature.,,,,,,,,,,,,,,,,,
,,4. Repeat full-body rhythm 3 times across 5 minutes.,,,,,,,,,,,,,,,,,
Wrist & Forearm Tension Release (Variation #164),Stretches wrist flexors and extensors for keyboard users.,"1. Extend right arm forward, palm up.",Time-Bound,Desk Mobility & Joint Resets,5.0,1.0,Free,Indoor/Outdoor,12.0,99.0,Yes,Structured micro-duration provides a clear cognitive focus anchor without executive function overload.,"Proprioceptive, Tactile",Solo,Moderate,"Mobility, Tension Release, Energy","Restless, Stiff, Lethargic",anytime,Micro-movements & Breathwork
,,2. Pull fingers down with left hand gently for 30s.,,,,,,,,,,,,,,,,,
,,"3. Flip palm down, pull hand back toward wrist for 30s.",,,,,,,,,,,,,,,,,
,,4. Swap sides and repeat cycles for 5 minutes.,,,,,,,,,,,,,,,,,
Scientific Paper Abstract Review (Drill #165),Structured 5-minute active reading and comprehension exercise focused on scientific paper abstract review.,1. Select a brief passage focused on scientific paper abstract review.,Time-Bound,Mindful Reading & Cognitive Micro-Drills,5.0,1.0,Free,Indoor/Outdoor,12.0,99.0,Yes,Structured micro-duration provides a clear cognitive focus anchor without executive function overload.,"Visual, Cognitive",Solo,Low,"Focus, Comprehension, Mental Clarity","Seeking Focus, Distracted, Overwhelmed",anytime,Micro-movements & Breathwork
,,2. Read continuously with active visual tracking for 3 minutes.,,,,,,,,,,,,,,,,,
,,3. Annotate key concepts or write down 2 core summary takeaways.,,,,,,,,,,,,,,,,,
,,4. Conclude with 1 minute of mental consolidation and recall check.,,,,,,,,,,,,,,,,,
Resonant Box Breath - Protocol #166,A balanced 4-4-4-4 rhythm to soothe the central nervous system.,1. Inhale through nose for 4 seconds.,Time-Bound,Calming Breathwork,5.0,1.0,Free,Indoor/Outdoor,12.0,99.0,Yes,Structured micro-duration provides a clear cognitive focus anchor without executive function overload.,"Proprioceptive, Rhythm",Solo,Low,"Calm, Stress Relief, Focus","Anxious, Stressed, Overwhelmed",anytime,Micro-movements & Breathwork
,,2. Hold breath for 4 seconds.,,,,,,,,,,,,,,,,,
,,3. Exhale through mouth for 4 seconds.,,,,,,,,,,,,,,,,,
,,4. Hold empty for 4 seconds. Repeat for 5 minutes.,,,,,,,,,,,,,,,,,
Sun Channel Activation - Protocol #167,Right nostril breath control to spark focus and metabolic energy.,1. Block left nostril gently with ring finger.,Time-Bound,Energizing Breathwork,5.0,1.0,Free,Indoor/Outdoor,12.0,99.0,Yes,Structured micro-duration provides a clear cognitive focus anchor without executive function overload.,"Proprioceptive, Rhythm",Solo,Moderate,"Calm, Stress Relief, Focus","Anxious, Stressed, Overwhelmed",anytime,Micro-movements & Breathwork
,,2. Inhale deeply through right nostril for 4s.,,,,,,,,,,,,,,,,,
,,3. Exhale through right nostril for 4s.,,,,,,,,,,,,,,,,,
,,4. Maintain rhythmic right-channel breathing for 5 minutes.,,,,,,,,,,,,,,,,,
Ocular Horizon Tracking (Variation #168),Horizontal ocular motility reset to reduce digital eye strain.,1. Hold thumb out at arm length.,Time-Bound,Therapeutic & Somatic Micro-Movements,5.0,1.0,Free,Indoor/Outdoor,12.0,99.0,Yes,Structured micro-duration provides a clear cognitive focus anchor without executive function overload.,"Proprioceptive, Tactile",Solo,Moderate,"Mobility, Tension Release, Energy","Restless, Stiff, Lethargic",anytime,Micro-movements & Breathwork
,,2. Move thumb slowly left to right while keeping head perfectly still.,,,,,,,,,,,,,,,,,
,,3. Follow thumb tip with eyes only.,,,,,,,,,,,,,,,,,
,,"4. Perform 10 sweeps, rest 10s, repeat for 5 minutes.",,,,,,,,,,,,,,,,,
Seated Thoracic Decompression (Variation #169),Extends stiff thoracic spine after prolonged sitting.,1. Sit at front edge of chair.,Time-Bound,Desk Mobility & Joint Resets,5.0,1.0,Free,Indoor/Outdoor,12.0,99.0,Yes,Structured micro-duration provides a clear cognitive focus anchor without executive function overload.,"Proprioceptive, Tactile",Solo,Moderate,"Mobility, Tension Release, Energy","Restless, Stiff, Lethargic",anytime,Micro-movements & Breathwork
,,"2. Interlace fingers behind head, elbows wide.",,,,,,,,,,,,,,,,,
,,3. Inhale and arch upper back over chair back.,,,,,,,,,,,,,,,,,
,,4. Exhale and gently round forward. Repeat 10 times across 5 minutes.,,,,,,,,,,,,,,,,,
Wisdom Literature Reflection (Drill #170),Structured 5-minute active reading and comprehension exercise focused on wisdom literature reflection.,1. Select a brief passage focused on wisdom literature reflection.,Time-Bound,Mindful Reading & Cognitive Micro-Drills,5.0,1.0,Free,Indoor/Outdoor,12.0,99.0,Yes,Structured micro-duration provides a clear cognitive focus anchor without executive function overload.,"Visual, Cognitive",Solo,Low,"Focus, Comprehension, Mental Clarity","Seeking Focus, Distracted, Overwhelmed",anytime,Micro-movements & Breathwork
,,2. Read continuously with active visual tracking for 3 minutes.,,,,,,,,,,,,,,,,,
,,3. Annotate key concepts or write down 2 core summary takeaways.,,,,,,,,,,,,,,,,,
,,4. Conclude with 1 minute of mental consolidation and recall check.,,,,,,,,,,,,,,,,,
Diaphragmatic Belly Anchor - Protocol #171,Deep grounding belly breathing to lower heart rate.,1. Place one hand on chest and one on belly.,Time-Bound,Calming Breathwork,5.0,1.0,Free,Indoor/Outdoor,12.0,99.0,Yes,Structured micro-duration provides a clear cognitive focus anchor without executive function overload.,"Proprioceptive, Rhythm",Solo,Low,"Calm, Stress Relief, Focus","Anxious, Stressed, Overwhelmed",anytime,Micro-movements & Breathwork
,,2. Breathe in deeply ensuring only the belly rises for 4s.,,,,,,,,,,,,,,,,,
,,3. Exhale slowly through pursed lips for 6s.,,,,,,,,,,,,,,,,,
,,4. Focus on tactile warmth of your hands for 5 minutes.,,,,,,,,,,,,,,,,,
Bellows Vitality Pump - Protocol #172,Rhythmic rapid abdominal pumping to elevate alertness and focus.,1. Sit upright with extended spine.,Time-Bound,Energizing Breathwork,5.0,1.0,Free,Indoor/Outdoor,12.0,99.0,Yes,Structured micro-duration provides a clear cognitive focus anchor without executive function overload.,"Proprioceptive, Rhythm",Solo,Moderate,"Calm, Stress Relief, Focus","Anxious, Stressed, Overwhelmed",anytime,Micro-movements & Breathwork
,,2. Take rapid rhythmic inhales and exhales through nose at 1-second cadence.,,,,,,,,,,,,,,,,,
,,3. Keep chest steady while belly pumps aggressively.,,,,,,,,,,,,,,,,,
,,4. Perform 3 sets of 30 seconds with 15s calm recovery between sets for 5 minutes.,,,,,,,,,,,,,,,,,
Pragmatic Grounding Tap (Variation #173),Rhythmic body tapping protocol to re-anchor spatial awareness.,1. Tap upper chest gently with fingertips for 60s.,Time-Bound,Therapeutic & Somatic Micro-Movements,5.0,1.0,Free,Indoor/Outdoor,12.0,99.0,Yes,Structured micro-duration provides a clear cognitive focus anchor without executive function overload.,"Proprioceptive, Tactile",Solo,Moderate,"Mobility, Tension Release, Energy","Restless, Stiff, Lethargic",anytime,Micro-movements & Breathwork
,,"2. Tap down arms, belly, thighs, and calves sequentially.",,,,,,,,,,,,,,,,,
,,3. Focus on tactile feedback and temperature.,,,,,,,,,,,,,,,,,
,,4. Repeat full-body rhythm 3 times across 5 minutes.,,,,,,,,,,,,,,,,,
Cervical Spine Glide Routine (Variation #174),Gentle cervical retractions to relieve tech-neck tightness.,1. Sit tall with chin parallel to floor.,Time-Bound,Desk Mobility & Joint Resets,5.0,1.0,Free,Indoor/Outdoor,12.0,99.0,Yes,Structured micro-duration provides a clear cognitive focus anchor without executive function overload.,"Proprioceptive, Tactile",Solo,Moderate,"Mobility, Tension Release, Energy","Restless, Stiff, Lethargic",anytime,Micro-movements & Breathwork
,,2. Glide chin straight back creating a double chin.,,,,,,,,,,,,,,,,,
,,"3. Hold 3 seconds, release forward smoothly.",,,,,,,,,,,,,,,,,
,,"4. Perform 12 reps, 3 sets across 5 minutes.",,,,,,,,,,,,,,,,,
Productivity Essay Deep-Dive (Drill #175),Structured 5-minute active reading and comprehension exercise focused on productivity essay deep-dive.,1. Select a brief passage focused on productivity essay deep-dive.,Time-Bound,Mindful Reading & Cognitive Micro-Drills,5.0,1.0,Free,Indoor/Outdoor,12.0,99.0,Yes,Structured micro-duration provides a clear cognitive focus anchor without executive function overload.,"Visual, Cognitive",Solo,Low,"Focus, Comprehension, Mental Clarity","Seeking Focus, Distracted, Overwhelmed",anytime,Micro-movements & Breathwork
,,2. Read continuously with active visual tracking for 3 minutes.,,,,,,,,,,,,,,,,,
,,3. Annotate key concepts or write down 2 core summary takeaways.,,,,,,,,,,,,,,,,,
,,4. Conclude with 1 minute of mental consolidation and recall check.,,,,,,,,,,,,,,,,,
Resonant Box Breath - Protocol #176,A balanced 4-4-4-4 rhythm to soothe the central nervous system.,1. Inhale through nose for 4 seconds.,Time-Bound,Calming Breathwork,5.0,1.0,Free,Indoor/Outdoor,12.0,99.0,Yes,Structured micro-duration provides a clear cognitive focus anchor without executive function overload.,"Proprioceptive, Rhythm",Solo,Low,"Calm, Stress Relief, Focus","Anxious, Stressed, Overwhelmed",anytime,Micro-movements & Breathwork
,,2. Hold breath for 4 seconds.,,,,,,,,,,,,,,,,,
,,3. Exhale through mouth for 4 seconds.,,,,,,,,,,,,,,,,,
,,4. Hold empty for 4 seconds. Repeat for 5 minutes.,,,,,,,,,,,,,,,,,
Sun Channel Activation - Protocol #177,Right nostril breath control to spark focus and metabolic energy.,1. Block left nostril gently with ring finger.,Time-Bound,Energizing Breathwork,5.0,1.0,Free,Indoor/Outdoor,12.0,99.0,Yes,Structured micro-duration provides a clear cognitive focus anchor without executive function overload.,"Proprioceptive, Rhythm",Solo,Moderate,"Calm, Stress Relief, Focus","Anxious, Stressed, Overwhelmed",anytime,Micro-movements & Breathwork
,,2. Inhale deeply through right nostril for 4s.,,,,,,,,,,,,,,,,,
,,3. Exhale through right nostril for 4s.,,,,,,,,,,,,,,,,,
,,4. Maintain rhythmic right-channel breathing for 5 minutes.,,,,,,,,,,,,,,,,,
Ocular Horizon Tracking (Variation #178),Horizontal ocular motility reset to reduce digital eye strain.,1. Hold thumb out at arm length.,Time-Bound,Therapeutic & Somatic Micro-Movements,5.0,1.0,Free,Indoor/Outdoor,12.0,99.0,Yes,Structured micro-duration provides a clear cognitive focus anchor without executive function overload.,"Proprioceptive, Tactile",Solo,Moderate,"Mobility, Tension Release, Energy","Restless, Stiff, Lethargic",anytime,Micro-movements & Breathwork
,,2. Move thumb slowly left to right while keeping head perfectly still.,,,,,,,,,,,,,,,,,
,,3. Follow thumb tip with eyes only.,,,,,,,,,,,,,,,,,
,,"4. Perform 10 sweeps, rest 10s, repeat for 5 minutes.",,,,,,,,,,,,,,,,,
Cervical Spine Glide Routine (Variation #179),Gentle cervical retractions to relieve tech-neck tightness.,1. Sit tall with chin parallel to floor.,Time-Bound,Desk Mobility & Joint Resets,5.0,1.0,Free,Indoor/Outdoor,12.0,99.0,Yes,Structured micro-duration provides a clear cognitive focus anchor without executive function overload.,"Proprioceptive, Tactile",Solo,Moderate,"Mobility, Tension Release, Energy","Restless, Stiff, Lethargic",anytime,Micro-movements & Breathwork
,,2. Glide chin straight back creating a double chin.,,,,,,,,,,,,,,,,,
,,"3. Hold 3 seconds, release forward smoothly.",,,,,,,,,,,,,,,,,
,,"4. Perform 12 reps, 3 sets across 5 minutes.",,,,,,,,,,,,,,,,,
Scientific Paper Abstract Review (Drill #180),Structured 5-minute active reading and comprehension exercise focused on scientific paper abstract review.,1. Select a brief passage focused on scientific paper abstract review.,Time-Bound,Mindful Reading & Cognitive Micro-Drills,5.0,1.0,Free,Indoor/Outdoor,12.0,99.0,Yes,Structured micro-duration provides a clear cognitive focus anchor without executive function overload.,"Visual, Cognitive",Solo,Low,"Focus, Comprehension, Mental Clarity","Seeking Focus, Distracted, Overwhelmed",anytime,Micro-movements & Breathwork
,,2. Read continuously with active visual tracking for 3 minutes.,,,,,,,,,,,,,,,,,
,,3. Annotate key concepts or write down 2 core summary takeaways.,,,,,,,,,,,,,,,,,
,,4. Conclude with 1 minute of mental consolidation and recall check.,,,,,,,,,,,,,,,,,
Resonant Box Breath - Protocol #181,A balanced 4-4-4-4 rhythm to soothe the central nervous system.,1. Inhale through nose for 4 seconds.,Time-Bound,Calming Breathwork,5.0,1.0,Free,Indoor/Outdoor,12.0,99.0,Yes,Structured micro-duration provides a clear cognitive focus anchor without executive function overload.,"Proprioceptive, Rhythm",Solo,Low,"Calm, Stress Relief, Focus","Anxious, Stressed, Overwhelmed",anytime,Micro-movements & Breathwork
,,2. Hold breath for 4 seconds.,,,,,,,,,,,,,,,,,
,,3. Exhale through mouth for 4 seconds.,,,,,,,,,,,,,,,,,
,,4. Hold empty for 4 seconds. Repeat for 5 minutes.,,,,,,,,,,,,,,,,,
Sun Channel Activation - Protocol #182,Right nostril breath control to spark focus and metabolic energy.,1. Block left nostril gently with ring finger.,Time-Bound,Energizing Breathwork,5.0,1.0,Free,Indoor/Outdoor,12.0,99.0,Yes,Structured micro-duration provides a clear cognitive focus anchor without executive function overload.,"Proprioceptive, Rhythm",Solo,Moderate,"Calm, Stress Relief, Focus","Anxious, Stressed, Overwhelmed",anytime,Micro-movements & Breathwork
,,2. Inhale deeply through right nostril for 4s.,,,,,,,,,,,,,,,,,
,,3. Exhale through right nostril for 4s.,,,,,,,,,,,,,,,,,
,,4. Maintain rhythmic right-channel breathing for 5 minutes.,,,,,,,,,,,,,,,,,
Pragmatic Grounding Tap (Variation #183),Rhythmic body tapping protocol to re-anchor spatial awareness.,1. Tap upper chest gently with fingertips for 60s.,Time-Bound,Therapeutic & Somatic Micro-Movements,5.0,1.0,Free,Indoor/Outdoor,12.0,99.0,Yes,Structured micro-duration provides a clear cognitive focus anchor without executive function overload.,"Proprioceptive, Tactile",Solo,Moderate,"Mobility, Tension Release, Energy","Restless, Stiff, Lethargic",anytime,Micro-movements & Breathwork
,,"2. Tap down arms, belly, thighs, and calves sequentially.",,,,,,,,,,,,,,,,,
,,3. Focus on tactile feedback and temperature.,,,,,,,,,,,,,,,,,
,,4. Repeat full-body rhythm 3 times across 5 minutes.,,,,,,,,,,,,,,,,,
Wrist & Forearm Tension Release (Variation #184),Stretches wrist flexors and extensors for keyboard users.,"1. Extend right arm forward, palm up.",Time-Bound,Desk Mobility & Joint Resets,5.0,1.0,Free,Indoor/Outdoor,12.0,99.0,Yes,Structured micro-duration provides a clear cognitive focus anchor without executive function overload.,"Proprioceptive, Tactile",Solo,Moderate,"Mobility, Tension Release, Energy","Restless, Stiff, Lethargic",anytime,Micro-movements & Breathwork
,,2. Pull fingers down with left hand gently for 30s.,,,,,,,,,,,,,,,,,
,,"3. Flip palm down, pull hand back toward wrist for 30s.",,,,,,,,,,,,,,,,,
,,4. Swap sides and repeat cycles for 5 minutes.,,,,,,,,,,,,,,,,,
Philosophical Text Study (Drill #185),Structured 5-minute active reading and comprehension exercise focused on philosophical text study.,1. Select a brief passage focused on philosophical text study.,Time-Bound,Mindful Reading & Cognitive Micro-Drills,5.0,1.0,Free,Indoor/Outdoor,12.0,99.0,Yes,Structured micro-duration provides a clear cognitive focus anchor without executive function overload.,"Visual, Cognitive",Solo,Low,"Focus, Comprehension, Mental Clarity","Seeking Focus, Distracted, Overwhelmed",anytime,Micro-movements & Breathwork
,,2. Read continuously with active visual tracking for 3 minutes.,,,,,,,,,,,,,,,,,
,,3. Annotate key concepts or write down 2 core summary takeaways.,,,,,,,,,,,,,,,,,
,,4. Conclude with 1 minute of mental consolidation and recall check.,,,,,,,,,,,,,,,,,
Diaphragmatic Belly Anchor - Protocol #186,Deep grounding belly breathing to lower heart rate.,1. Place one hand on chest and one on belly.,Time-Bound,Calming Breathwork,5.0,1.0,Free,Indoor/Outdoor,12.0,99.0,Yes,Structured micro-duration provides a clear cognitive focus anchor without executive function overload.,"Proprioceptive, Rhythm",Solo,Low,"Calm, Stress Relief, Focus","Anxious, Stressed, Overwhelmed",anytime,Micro-movements & Breathwork
,,2. Breathe in deeply ensuring only the belly rises for 4s.,,,,,,,,,,,,,,,,,
,,3. Exhale slowly through pursed lips for 6s.,,,,,,,,,,,,,,,,,
,,4. Focus on tactile warmth of your hands for 5 minutes.,,,,,,,,,,,,,,,,,
Bellows Vitality Pump - Protocol #187,Rhythmic rapid abdominal pumping to elevate alertness and focus.,1. Sit upright with extended spine.,Time-Bound,Energizing Breathwork,5.0,1.0,Free,Indoor/Outdoor,12.0,99.0,Yes,Structured micro-duration provides a clear cognitive focus anchor without executive function overload.,"Proprioceptive, Rhythm",Solo,Moderate,"Calm, Stress Relief, Focus","Anxious, Stressed, Overwhelmed",anytime,Micro-movements & Breathwork
,,2. Take rapid rhythmic inhales and exhales through nose at 1-second cadence.,,,,,,,,,,,,,,,,,
,,3. Keep chest steady while belly pumps aggressively.,,,,,,,,,,,,,,,,,
,,4. Perform 3 sets of 30 seconds with 15s calm recovery between sets for 5 minutes.,,,,,,,,,,,,,,,,,
Ocular Horizon Tracking (Variation #188),Horizontal ocular motility reset to reduce digital eye strain.,1. Hold thumb out at arm length.,Time-Bound,Therapeutic & Somatic Micro-Movements,5.0,1.0,Free,Indoor/Outdoor,12.0,99.0,Yes,Structured micro-duration provides a clear cognitive focus anchor without executive function overload.,"Proprioceptive, Tactile",Solo,Moderate,"Mobility, Tension Release, Energy","Restless, Stiff, Lethargic",anytime,Micro-movements & Breathwork
,,2. Move thumb slowly left to right while keeping head perfectly still.,,,,,,,,,,,,,,,,,
,,3. Follow thumb tip with eyes only.,,,,,,,,,,,,,,,,,
,,"4. Perform 10 sweeps, rest 10s, repeat for 5 minutes.",,,,,,,,,,,,,,,,,
Wrist & Forearm Tension Release (Variation #189),Stretches wrist flexors and extensors for keyboard users.,"1. Extend right arm forward, palm up.",Time-Bound,Desk Mobility & Joint Resets,5.0,1.0,Free,Indoor/Outdoor,12.0,99.0,Yes,Structured micro-duration provides a clear cognitive focus anchor without executive function overload.,"Proprioceptive, Tactile",Solo,Moderate,"Mobility, Tension Release, Energy","Restless, Stiff, Lethargic",anytime,Micro-movements & Breathwork
,,2. Pull fingers down with left hand gently for 30s.,,,,,,,,,,,,,,,,,
,,"3. Flip palm down, pull hand back toward wrist for 30s.",,,,,,,,,,,,,,,,,
,,4. Swap sides and repeat cycles for 5 minutes.,,,,,,,,,,,,,,,,,
Creative Prose Speed Analysis (Drill #190),Structured 5-minute active reading and comprehension exercise focused on creative prose speed analysis.,1. Select a brief passage focused on creative prose speed analysis.,Time-Bound,Mindful Reading & Cognitive Micro-Drills,5.0,1.0,Free,Indoor/Outdoor,12.0,99.0,Yes,Structured micro-duration provides a clear cognitive focus anchor without executive function overload.,"Visual, Cognitive",Solo,Low,"Focus, Comprehension, Mental Clarity","Seeking Focus, Distracted, Overwhelmed",anytime,Micro-movements & Breathwork
,,2. Read continuously with active visual tracking for 3 minutes.,,,,,,,,,,,,,,,,,
,,3. Annotate key concepts or write down 2 core summary takeaways.,,,,,,,,,,,,,,,,,
,,4. Conclude with 1 minute of mental consolidation and recall check.,,,,,,,,,,,,,,,,,
Diaphragmatic Belly Anchor - Protocol #191,Deep grounding belly breathing to lower heart rate.,1. Place one hand on chest and one on belly.,Time-Bound,Calming Breathwork,5.0,1.0,Free,Indoor/Outdoor,12.0,99.0,Yes,Structured micro-duration provides a clear cognitive focus anchor without executive function overload.,"Proprioceptive, Rhythm",Solo,Low,"Calm, Stress Relief, Focus","Anxious, Stressed, Overwhelmed",anytime,Micro-movements & Breathwork
,,2. Breathe in deeply ensuring only the belly rises for 4s.,,,,,,,,,,,,,,,,,
,,3. Exhale slowly through pursed lips for 6s.,,,,,,,,,,,,,,,,,
,,4. Focus on tactile warmth of your hands for 5 minutes.,,,,,,,,,,,,,,,,,
Segmented Morning Inhale - Protocol #192,Staccato three-part inhale to clear brain fog instantly.,1. Take short inhale step 1 into belly.,Time-Bound,Energizing Breathwork,5.0,1.0,Free,Indoor/Outdoor,12.0,99.0,Yes,Structured micro-duration provides a clear cognitive focus anchor without executive function overload.,"Proprioceptive, Rhythm",Solo,Moderate,"Calm, Stress Relief, Focus","Anxious, Stressed, Overwhelmed",anytime,Micro-movements & Breathwork
,,2. Take short inhale step 2 into chest.,,,,,,,,,,,,,,,,,
,,3. Take short inhale step 3 into collarbones.,,,,,,,,,,,,,,,,,
,,4. Exhale smooth and unforced. Repeat for 5 minutes.,,,,,,,,,,,,,,,,,
Somatic Tremor Shakeout (Variation #193),Vigorous full-body shaking to discharge nervous system tension.,1. Stand with feet shoulder-width apart.,Time-Bound,Therapeutic & Somatic Micro-Movements,5.0,1.0,Free,Indoor/Outdoor,12.0,99.0,Yes,Structured micro-duration provides a clear cognitive focus anchor without executive function overload.,"Proprioceptive, Tactile",Solo,Moderate,"Mobility, Tension Release, Energy","Restless, Stiff, Lethargic",anytime,Micro-movements & Breathwork
,,2. Begin bouncing lightly on heels and shaking wrist joints.,,,,,,,,,,,,,,,,,
,,"3. Allow vibration to travel up shoulders, jaw, and torso.",,,,,,,,,,,,,,,,,
,,4. Shake continuously for 5 minutes to release trapped stress.,,,,,,,,,,,,,,,,,
Seated Thoracic Decompression (Variation #194),Extends stiff thoracic spine after prolonged sitting.,1. Sit at front edge of chair.,Time-Bound,Desk Mobility & Joint Resets,5.0,1.0,Free,Indoor/Outdoor,12.0,99.0,Yes,Structured micro-duration provides a clear cognitive focus anchor without executive function overload.,"Proprioceptive, Tactile",Solo,Moderate,"Mobility, Tension Release, Energy","Restless, Stiff, Lethargic",anytime,Micro-movements & Breathwork
,,"2. Interlace fingers behind head, elbows wide.",,,,,,,,,,,,,,,,,
,,3. Inhale and arch upper back over chair back.,,,,,,,,,,,,,,,,,
,,4. Exhale and gently round forward. Repeat 10 times across 5 minutes.,,,,,,,,,,,,,,,,,
Biographical Profile Analysis (Drill #195),Structured 5-minute active reading and comprehension exercise focused on biographical profile analysis.,1. Select a brief passage focused on biographical profile analysis.,Time-Bound,Mindful Reading & Cognitive Micro-Drills,5.0,1.0,Free,Indoor/Outdoor,12.0,99.0,Yes,Structured micro-duration provides a clear cognitive focus anchor without executive function overload.,"Visual, Cognitive",Solo,Low,"Focus, Comprehension, Mental Clarity","Seeking Focus, Distracted, Overwhelmed",anytime,Micro-movements & Breathwork
,,2. Read continuously with active visual tracking for 3 minutes.,,,,,,,,,,,,,,,,,
,,3. Annotate key concepts or write down 2 core summary takeaways.,,,,,,,,,,,,,,,,,
,,4. Conclude with 1 minute of mental consolidation and recall check.,,,,,,,,,,,,,,,,,
Vagus Nerve Ocean Inhale - Protocol #196,Slow rhythmic deep breathing targeting vagal tone stimulation.,1. Sit upright with soft shoulders.,Time-Bound,Calming Breathwork,5.0,1.0,Free,Indoor/Outdoor,12.0,99.0,Yes,Structured micro-duration provides a clear cognitive focus anchor without executive function overload.,"Proprioceptive, Rhythm",Solo,Low,"Calm, Stress Relief, Focus","Anxious, Stressed, Overwhelmed",anytime,Micro-movements & Breathwork
,,2. Inhale deeply into lower abdomen for 5s.,,,,,,,,,,,,,,,,,
,,3. Exhale slowly with a subtle back-of-throat hum for 5s.,,,,,,,,,,,,,,,,,
,,4. Repeat smoothly for 5 minutes.,,,,,,,,,,,,,,,,,
Bellows Vitality Pump - Protocol #197,Rhythmic rapid abdominal pumping to elevate alertness and focus.,1. Sit upright with extended spine.,Time-Bound,Energizing Breathwork,5.0,1.0,Free,Indoor/Outdoor,12.0,99.0,Yes,Structured micro-duration provides a clear cognitive focus anchor without executive function overload.,"Proprioceptive, Rhythm",Solo,Moderate,"Calm, Stress Relief, Focus","Anxious, Stressed, Overwhelmed",anytime,Micro-movements & Breathwork
,,2. Take rapid rhythmic inhales and exhales through nose at 1-second cadence.,,,,,,,,,,,,,,,,,
,,3. Keep chest steady while belly pumps aggressively.,,,,,,,,,,,,,,,,,
,,4. Perform 3 sets of 30 seconds with 15s calm recovery between sets for 5 minutes.,,,,,,,,,,,,,,,,,
Somatic Tremor Shakeout (Variation #198),Vigorous full-body shaking to discharge nervous system tension.,1. Stand with feet shoulder-width apart.,Time-Bound,Therapeutic & Somatic Micro-Movements,5.0,1.0,Free,Indoor/Outdoor,12.0,99.0,Yes,Structured micro-duration provides a clear cognitive focus anchor without executive function overload.,"Proprioceptive, Tactile",Solo,Moderate,"Mobility, Tension Release, Energy","Restless, Stiff, Lethargic",anytime,Micro-movements & Breathwork
,,2. Begin bouncing lightly on heels and shaking wrist joints.,,,,,,,,,,,,,,,,,
,,"3. Allow vibration to travel up shoulders, jaw, and torso.",,,,,,,,,,,,,,,,,
,,4. Shake continuously for 5 minutes to release trapped stress.,,,,,,,,,,,,,,,,,
Wrist & Forearm Tension Release (Variation #199),Stretches wrist flexors and extensors for keyboard users.,"1. Extend right arm forward, palm up.",Time-Bound,Desk Mobility & Joint Resets,5.0,1.0,Free,Indoor/Outdoor,12.0,99.0,Yes,Structured micro-duration provides a clear cognitive focus anchor without executive function overload.,"Proprioceptive, Tactile",Solo,Moderate,"Mobility, Tension Release, Energy","Restless, Stiff, Lethargic",anytime,Micro-movements & Breathwork
,,2. Pull fingers down with left hand gently for 30s.,,,,,,,,,,,,,,,,,
,,"3. Flip palm down, pull hand back toward wrist for 30s.",,,,,,,,,,,,,,,,,
,,4. Swap sides and repeat cycles for 5 minutes.,,,,,,,,,,,,,,,,,
Neuroscience Focus Drill (Drill #200),Structured 5-minute active reading and comprehension exercise focused on neuroscience focus drill.,1. Select a brief passage focused on neuroscience focus drill.,Time-Bound,Mindful Reading & Cognitive Micro-Drills,5.0,1.0,Free,Indoor/Outdoor,12.0,99.0,Yes,Structured micro-duration provides a clear cognitive focus anchor without executive function overload.,"Visual, Cognitive",Solo,Low,"Focus, Comprehension, Mental Clarity","Seeking Focus, Distracted, Overwhelmed",anytime,Micro-movements & Breathwork
,,2. Read continuously with active visual tracking for 3 minutes.,,,,,,,,,,,,,,,,,
,,3. Annotate key concepts or write down 2 core summary takeaways.,,,,,,,,,,,,,,,,,
,,4. Conclude with 1 minute of mental consolidation and recall check.,,,,,,,,,,,,,,,,,
4-8 Cadence Decompression - Protocol #201,Extended exhale pattern engineered for immediate nervous system down-regulation.,1. Inhale nose for 4 seconds.,Time-Bound,Calming Breathwork,5.0,1.0,Free,Indoor/Outdoor,12.0,99.0,Yes,Structured micro-duration provides a clear cognitive focus anchor without executive function overload.,"Proprioceptive, Rhythm",Solo,Low,"Calm, Stress Relief, Focus","Anxious, Stressed, Overwhelmed",anytime,Micro-movements & Breathwork
,,2. Exhale slowly and completely through mouth for 8 seconds.,,,,,,,,,,,,,,,,,
,,3. Pause 1 second at the bottom.,,,,,,,,,,,,,,,,,
,,4. Repeat cycle for 5 minutes.,,,,,,,,,,,,,,,,,
Bellows Vitality Pump - Protocol #202,Rhythmic rapid abdominal pumping to elevate alertness and focus.,1. Sit upright with extended spine.,Time-Bound,Energizing Breathwork,5.0,1.0,Free,Indoor/Outdoor,12.0,99.0,Yes,Structured micro-duration provides a clear cognitive focus anchor without executive function overload.,"Proprioceptive, Rhythm",Solo,Moderate,"Calm, Stress Relief, Focus","Anxious, Stressed, Overwhelmed",anytime,Micro-movements & Breathwork
,,2. Take rapid rhythmic inhales and exhales through nose at 1-second cadence.,,,,,,,,,,,,,,,,,
,,3. Keep chest steady while belly pumps aggressively.,,,,,,,,,,,,,,,,,
,,4. Perform 3 sets of 30 seconds with 15s calm recovery between sets for 5 minutes.,,,,,,,,,,,,,,,,,
Ocular Horizon Tracking (Variation #203),Horizontal ocular motility reset to reduce digital eye strain.,1. Hold thumb out at arm length.,Time-Bound,Therapeutic & Somatic Micro-Movements,5.0,1.0,Free,Indoor/Outdoor,12.0,99.0,Yes,Structured micro-duration provides a clear cognitive focus anchor without executive function overload.,"Proprioceptive, Tactile",Solo,Moderate,"Mobility, Tension Release, Energy","Restless, Stiff, Lethargic",anytime,Micro-movements & Breathwork
,,2. Move thumb slowly left to right while keeping head perfectly still.,,,,,,,,,,,,,,,,,
,,3. Follow thumb tip with eyes only.,,,,,,,,,,,,,,,,,
,,"4. Perform 10 sweeps, rest 10s, repeat for 5 minutes.",,,,,,,,,,,,,,,,,
Seated Thoracic Decompression (Variation #204),Extends stiff thoracic spine after prolonged sitting.,1. Sit at front edge of chair.,Time-Bound,Desk Mobility & Joint Resets,5.0,1.0,Free,Indoor/Outdoor,12.0,99.0,Yes,Structured micro-duration provides a clear cognitive focus anchor without executive function overload.,"Proprioceptive, Tactile",Solo,Moderate,"Mobility, Tension Release, Energy","Restless, Stiff, Lethargic",anytime,Micro-movements & Breathwork
,,"2. Interlace fingers behind head, elbows wide.",,,,,,,,,,,,,,,,,
,,3. Inhale and arch upper back over chair back.,,,,,,,,,,,,,,,,,
,,4. Exhale and gently round forward. Repeat 10 times across 5 minutes.,,,,,,,,,,,,,,,,,
Wisdom Literature Reflection (Drill #205),Structured 5-minute active reading and comprehension exercise focused on wisdom literature reflection.,1. Select a brief passage focused on wisdom literature reflection.,Time-Bound,Mindful Reading & Cognitive Micro-Drills,5.0,1.0,Free,Indoor/Outdoor,12.0,99.0,Yes,Structured micro-duration provides a clear cognitive focus anchor without executive function overload.,"Visual, Cognitive",Solo,Low,"Focus, Comprehension, Mental Clarity","Seeking Focus, Distracted, Overwhelmed",anytime,Micro-movements & Breathwork
,,2. Read continuously with active visual tracking for 3 minutes.,,,,,,,,,,,,,,,,,
,,3. Annotate key concepts or write down 2 core summary takeaways.,,,,,,,,,,,,,,,,,
,,4. Conclude with 1 minute of mental consolidation and recall check.,,,,,,,,,,,,,,,,,
4-8 Cadence Decompression - Protocol #206,Extended exhale pattern engineered for immediate nervous system down-regulation.,1. Inhale nose for 4 seconds.,Time-Bound,Calming Breathwork,5.0,1.0,Free,Indoor/Outdoor,12.0,99.0,Yes,Structured micro-duration provides a clear cognitive focus anchor without executive function overload.,"Proprioceptive, Rhythm",Solo,Low,"Calm, Stress Relief, Focus","Anxious, Stressed, Overwhelmed",anytime,Micro-movements & Breathwork
,,2. Exhale slowly and completely through mouth for 8 seconds.,,,,,,,,,,,,,,,,,
,,3. Pause 1 second at the bottom.,,,,,,,,,,,,,,,,,
,,4. Repeat cycle for 5 minutes.,,,,,,,,,,,,,,,,,
Sun Channel Activation - Protocol #207,Right nostril breath control to spark focus and metabolic energy.,1. Block left nostril gently with ring finger.,Time-Bound,Energizing Breathwork,5.0,1.0,Free,Indoor/Outdoor,12.0,99.0,Yes,Structured micro-duration provides a clear cognitive focus anchor without executive function overload.,"Proprioceptive, Rhythm",Solo,Moderate,"Calm, Stress Relief, Focus","Anxious, Stressed, Overwhelmed",anytime,Micro-movements & Breathwork
,,2. Inhale deeply through right nostril for 4s.,,,,,,,,,,,,,,,,,
,,3. Exhale through right nostril for 4s.,,,,,,,,,,,,,,,,,
,,4. Maintain rhythmic right-channel breathing for 5 minutes.,,,,,,,,,,,,,,,,,
Somatic Tremor Shakeout (Variation #208),Vigorous full-body shaking to discharge nervous system tension.,1. Stand with feet shoulder-width apart.,Time-Bound,Therapeutic & Somatic Micro-Movements,5.0,1.0,Free,Indoor/Outdoor,12.0,99.0,Yes,Structured micro-duration provides a clear cognitive focus anchor without executive function overload.,"Proprioceptive, Tactile",Solo,Moderate,"Mobility, Tension Release, Energy","Restless, Stiff, Lethargic",anytime,Micro-movements & Breathwork
,,2. Begin bouncing lightly on heels and shaking wrist joints.,,,,,,,,,,,,,,,,,
,,"3. Allow vibration to travel up shoulders, jaw, and torso.",,,,,,,,,,,,,,,,,
,,4. Shake continuously for 5 minutes to release trapped stress.,,,,,,,,,,,,,,,,,
Cervical Spine Glide Routine (Variation #209),Gentle cervical retractions to relieve tech-neck tightness.,1. Sit tall with chin parallel to floor.,Time-Bound,Desk Mobility & Joint Resets,5.0,1.0,Free,Indoor/Outdoor,12.0,99.0,Yes,Structured micro-duration provides a clear cognitive focus anchor without executive function overload.,"Proprioceptive, Tactile",Solo,Moderate,"Mobility, Tension Release, Energy","Restless, Stiff, Lethargic",anytime,Micro-movements & Breathwork
,,2. Glide chin straight back creating a double chin.,,,,,,,,,,,,,,,,,
,,"3. Hold 3 seconds, release forward smoothly.",,,,,,,,,,,,,,,,,
,,"4. Perform 12 reps, 3 sets across 5 minutes.",,,,,,,,,,,,,,,,,
Technical Synthesis Reading (Drill #210),Structured 5-minute active reading and comprehension exercise focused on technical synthesis reading.,1. Select a brief passage focused on technical synthesis reading.,Time-Bound,Mindful Reading & Cognitive Micro-Drills,5.0,1.0,Free,Indoor/Outdoor,12.0,99.0,Yes,Structured micro-duration provides a clear cognitive focus anchor without executive function overload.,"Visual, Cognitive",Solo,Low,"Focus, Comprehension, Mental Clarity","Seeking Focus, Distracted, Overwhelmed",anytime,Micro-movements & Breathwork
,,2. Read continuously with active visual tracking for 3 minutes.,,,,,,,,,,,,,,,,,
,,3. Annotate key concepts or write down 2 core summary takeaways.,,,,,,,,,,,,,,,,,
,,4. Conclude with 1 minute of mental consolidation and recall check.,,,,,,,,,,,,,,,,,
Vagus Nerve Ocean Inhale - Protocol #211,Slow rhythmic deep breathing targeting vagal tone stimulation.,1. Sit upright with soft shoulders.,Time-Bound,Calming Breathwork,5.0,1.0,Free,Indoor/Outdoor,12.0,99.0,Yes,Structured micro-duration provides a clear cognitive focus anchor without executive function overload.,"Proprioceptive, Rhythm",Solo,Low,"Calm, Stress Relief, Focus","Anxious, Stressed, Overwhelmed",anytime,Micro-movements & Breathwork
,,2. Inhale deeply into lower abdomen for 5s.,,,,,,,,,,,,,,,,,
,,3. Exhale slowly with a subtle back-of-throat hum for 5s.,,,,,,,,,,,,,,,,,
,,4. Repeat smoothly for 5 minutes.,,,,,,,,,,,,,,,,,
Sun Channel Activation - Protocol #212,Right nostril breath control to spark focus and metabolic energy.,1. Block left nostril gently with ring finger.,Time-Bound,Energizing Breathwork,5.0,1.0,Free,Indoor/Outdoor,12.0,99.0,Yes,Structured micro-duration provides a clear cognitive focus anchor without executive function overload.,"Proprioceptive, Rhythm",Solo,Moderate,"Calm, Stress Relief, Focus","Anxious, Stressed, Overwhelmed",anytime,Micro-movements & Breathwork
,,2. Inhale deeply through right nostril for 4s.,,,,,,,,,,,,,,,,,
,,3. Exhale through right nostril for 4s.,,,,,,,,,,,,,,,,,
,,4. Maintain rhythmic right-channel breathing for 5 minutes.,,,,,,,,,,,,,,,,,
Pragmatic Grounding Tap (Variation #213),Rhythmic body tapping protocol to re-anchor spatial awareness.,1. Tap upper chest gently with fingertips for 60s.,Time-Bound,Therapeutic & Somatic Micro-Movements,5.0,1.0,Free,Indoor/Outdoor,12.0,99.0,Yes,Structured micro-duration provides a clear cognitive focus anchor without executive function overload.,"Proprioceptive, Tactile",Solo,Moderate,"Mobility, Tension Release, Energy","Restless, Stiff, Lethargic",anytime,Micro-movements & Breathwork
,,"2. Tap down arms, belly, thighs, and calves sequentially.",,,,,,,,,,,,,,,,,
,,3. Focus on tactile feedback and temperature.,,,,,,,,,,,,,,,,,
,,4. Repeat full-body rhythm 3 times across 5 minutes.,,,,,,,,,,,,,,,,,
Cervical Spine Glide Routine (Variation #214),Gentle cervical retractions to relieve tech-neck tightness.,1. Sit tall with chin parallel to floor.,Time-Bound,Desk Mobility & Joint Resets,5.0,1.0,Free,Indoor/Outdoor,12.0,99.0,Yes,Structured micro-duration provides a clear cognitive focus anchor without executive function overload.,"Proprioceptive, Tactile",Solo,Moderate,"Mobility, Tension Release, Energy","Restless, Stiff, Lethargic",anytime,Micro-movements & Breathwork
,,2. Glide chin straight back creating a double chin.,,,,,,,,,,,,,,,,,
,,"3. Hold 3 seconds, release forward smoothly.",,,,,,,,,,,,,,,,,
,,"4. Perform 12 reps, 3 sets across 5 minutes.",,,,,,,,,,,,,,,,,
Productivity Essay Deep-Dive (Drill #215),Structured 5-minute active reading and comprehension exercise focused on productivity essay deep-dive.,1. Select a brief passage focused on productivity essay deep-dive.,Time-Bound,Mindful Reading & Cognitive Micro-Drills,5.0,1.0,Free,Indoor/Outdoor,12.0,99.0,Yes,Structured micro-duration provides a clear cognitive focus anchor without executive function overload.,"Visual, Cognitive",Solo,Low,"Focus, Comprehension, Mental Clarity","Seeking Focus, Distracted, Overwhelmed",anytime,Micro-movements & Breathwork
,,2. Read continuously with active visual tracking for 3 minutes.,,,,,,,,,,,,,,,,,
,,3. Annotate key concepts or write down 2 core summary takeaways.,,,,,,,,,,,,,,,,,
,,4. Conclude with 1 minute of mental consolidation and recall check.,,,,,,,,,,,,,,,,,
4-8 Cadence Decompression - Protocol #216,Extended exhale pattern engineered for immediate nervous system down-regulation.,1. Inhale nose for 4 seconds.,Time-Bound,Calming Breathwork,5.0,1.0,Free,Indoor/Outdoor,12.0,99.0,Yes,Structured micro-duration provides a clear cognitive focus anchor without executive function overload.,"Proprioceptive, Rhythm",Solo,Low,"Calm, Stress Relief, Focus","Anxious, Stressed, Overwhelmed",anytime,Micro-movements & Breathwork
,,2. Exhale slowly and completely through mouth for 8 seconds.,,,,,,,,,,,,,,,,,
,,3. Pause 1 second at the bottom.,,,,,,,,,,,,,,,,,
,,4. Repeat cycle for 5 minutes.,,,,,,,,,,,,,,,,,
Bellows Vitality Pump - Protocol #217,Rhythmic rapid abdominal pumping to elevate alertness and focus.,1. Sit upright with extended spine.,Time-Bound,Energizing Breathwork,5.0,1.0,Free,Indoor/Outdoor,12.0,99.0,Yes,Structured micro-duration provides a clear cognitive focus anchor without executive function overload.,"Proprioceptive, Rhythm",Solo,Moderate,"Calm, Stress Relief, Focus","Anxious, Stressed, Overwhelmed",anytime,Micro-movements & Breathwork
,,2. Take rapid rhythmic inhales and exhales through nose at 1-second cadence.,,,,,,,,,,,,,,,,,
,,3. Keep chest steady while belly pumps aggressively.,,,,,,,,,,,,,,,,,
,,4. Perform 3 sets of 30 seconds with 15s calm recovery between sets for 5 minutes.,,,,,,,,,,,,,,,,,
Somatic Tremor Shakeout (Variation #218),Vigorous full-body shaking to discharge nervous system tension.,1. Stand with feet shoulder-width apart.,Time-Bound,Therapeutic & Somatic Micro-Movements,5.0,1.0,Free,Indoor/Outdoor,12.0,99.0,Yes,Structured micro-duration provides a clear cognitive focus anchor without executive function overload.,"Proprioceptive, Tactile",Solo,Moderate,"Mobility, Tension Release, Energy","Restless, Stiff, Lethargic",anytime,Micro-movements & Breathwork
,,2. Begin bouncing lightly on heels and shaking wrist joints.,,,,,,,,,,,,,,,,,
,,"3. Allow vibration to travel up shoulders, jaw, and torso.",,,,,,,,,,,,,,,,,
,,4. Shake continuously for 5 minutes to release trapped stress.,,,,,,,,,,,,,,,,,
Seated Thoracic Decompression (Variation #219),Extends stiff thoracic spine after prolonged sitting.,1. Sit at front edge of chair.,Time-Bound,Desk Mobility & Joint Resets,5.0,1.0,Free,Indoor/Outdoor,12.0,99.0,Yes,Structured micro-duration provides a clear cognitive focus anchor without executive function overload.,"Proprioceptive, Tactile",Solo,Moderate,"Mobility, Tension Release, Energy","Restless, Stiff, Lethargic",anytime,Micro-movements & Breathwork
,,"2. Interlace fingers behind head, elbows wide.",,,,,,,,,,,,,,,,,
,,3. Inhale and arch upper back over chair back.,,,,,,,,,,,,,,,,,
,,4. Exhale and gently round forward. Repeat 10 times across 5 minutes.,,,,,,,,,,,,,,,,,
Cognitive Health Article Drill (Drill #220),Structured 5-minute active reading and comprehension exercise focused on cognitive health article drill.,1. Select a brief passage focused on cognitive health article drill.,Time-Bound,Mindful Reading & Cognitive Micro-Drills,5.0,1.0,Free,Indoor/Outdoor,12.0,99.0,Yes,Structured micro-duration provides a clear cognitive focus anchor without executive function overload.,"Visual, Cognitive",Solo,Low,"Focus, Comprehension, Mental Clarity","Seeking Focus, Distracted, Overwhelmed",anytime,Micro-movements & Breathwork
,,2. Read continuously with active visual tracking for 3 minutes.,,,,,,,,,,,,,,,,,
,,3. Annotate key concepts or write down 2 core summary takeaways.,,,,,,,,,,,,,,,,,
,,4. Conclude with 1 minute of mental consolidation and recall check.,,,,,,,,,,,,,,,,,
Resonant Box Breath - Protocol #221,A balanced 4-4-4-4 rhythm to soothe the central nervous system.,1. Inhale through nose for 4 seconds.,Time-Bound,Calming Breathwork,5.0,1.0,Free,Indoor/Outdoor,12.0,99.0,Yes,Structured micro-duration provides a clear cognitive focus anchor without executive function overload.,"Proprioceptive, Rhythm",Solo,Low,"Calm, Stress Relief, Focus","Anxious, Stressed, Overwhelmed",anytime,Micro-movements & Breathwork
,,2. Hold breath for 4 seconds.,,,,,,,,,,,,,,,,,
,,3. Exhale through mouth for 4 seconds.,,,,,,,,,,,,,,,,,
,,4. Hold empty for 4 seconds. Repeat for 5 minutes.,,,,,,,,,,,,,,,,,
Sun Channel Activation - Protocol #222,Right nostril breath control to spark focus and metabolic energy.,1. Block left nostril gently with ring finger.,Time-Bound,Energizing Breathwork,5.0,1.0,Free,Indoor/Outdoor,12.0,99.0,Yes,Structured micro-duration provides a clear cognitive focus anchor without executive function overload.,"Proprioceptive, Rhythm",Solo,Moderate,"Calm, Stress Relief, Focus","Anxious, Stressed, Overwhelmed",anytime,Micro-movements & Breathwork
,,2. Inhale deeply through right nostril for 4s.,,,,,,,,,,,,,,,,,
,,3. Exhale through right nostril for 4s.,,,,,,,,,,,,,,,,,
,,4. Maintain rhythmic right-channel breathing for 5 minutes.,,,,,,,,,,,,,,,,,
Ocular Horizon Tracking (Variation #223),Horizontal ocular motility reset to reduce digital eye strain.,1. Hold thumb out at arm length.,Time-Bound,Therapeutic & Somatic Micro-Movements,5.0,1.0,Free,Indoor/Outdoor,12.0,99.0,Yes,Structured micro-duration provides a clear cognitive focus anchor without executive function overload.,"Proprioceptive, Tactile",Solo,Moderate,"Mobility, Tension Release, Energy","Restless, Stiff, Lethargic",anytime,Micro-movements & Breathwork
,,2. Move thumb slowly left to right while keeping head perfectly still.,,,,,,,,,,,,,,,,,
,,3. Follow thumb tip with eyes only.,,,,,,,,,,,,,,,,,
,,"4. Perform 10 sweeps, rest 10s, repeat for 5 minutes.",,,,,,,,,,,,,,,,,
Seated Thoracic Decompression (Variation #224),Extends stiff thoracic spine after prolonged sitting.,1. Sit at front edge of chair.,Time-Bound,Desk Mobility & Joint Resets,5.0,1.0,Free,Indoor/Outdoor,12.0,99.0,Yes,Structured micro-duration provides a clear cognitive focus anchor without executive function overload.,"Proprioceptive, Tactile",Solo,Moderate,"Mobility, Tension Release, Energy","Restless, Stiff, Lethargic",anytime,Micro-movements & Breathwork
,,"2. Interlace fingers behind head, elbows wide.",,,,,,,,,,,,,,,,,
,,3. Inhale and arch upper back over chair back.,,,,,,,,,,,,,,,,,
,,4. Exhale and gently round forward. Repeat 10 times across 5 minutes.,,,,,,,,,,,,,,,,,
Mindful Non-Fiction Passage (Drill #225),Structured 5-minute active reading and comprehension exercise focused on mindful non-fiction passage.,1. Select a brief passage focused on mindful non-fiction passage.,Time-Bound,Mindful Reading & Cognitive Micro-Drills,5.0,1.0,Free,Indoor/Outdoor,12.0,99.0,Yes,Structured micro-duration provides a clear cognitive focus anchor without executive function overload.,"Visual, Cognitive",Solo,Low,"Focus, Comprehension, Mental Clarity","Seeking Focus, Distracted, Overwhelmed",anytime,Micro-movements & Breathwork
,,2. Read continuously with active visual tracking for 3 minutes.,,,,,,,,,,,,,,,,,
,,3. Annotate key concepts or write down 2 core summary takeaways.,,,,,,,,,,,,,,,,,
,,4. Conclude with 1 minute of mental consolidation and recall check.,,,,,,,,,,,,,,,,,
Resonant Box Breath - Protocol #226,A balanced 4-4-4-4 rhythm to soothe the central nervous system.,1. Inhale through nose for 4 seconds.,Time-Bound,Calming Breathwork,5.0,1.0,Free,Indoor/Outdoor,12.0,99.0,Yes,Structured micro-duration provides a clear cognitive focus anchor without executive function overload.,"Proprioceptive, Rhythm",Solo,Low,"Calm, Stress Relief, Focus","Anxious, Stressed, Overwhelmed",anytime,Micro-movements & Breathwork
,,2. Hold breath for 4 seconds.,,,,,,,,,,,,,,,,,
,,3. Exhale through mouth for 4 seconds.,,,,,,,,,,,,,,,,,
,,4. Hold empty for 4 seconds. Repeat for 5 minutes.,,,,,,,,,,,,,,,,,
Sun Channel Activation - Protocol #227,Right nostril breath control to spark focus and metabolic energy.,1. Block left nostril gently with ring finger.,Time-Bound,Energizing Breathwork,5.0,1.0,Free,Indoor/Outdoor,12.0,99.0,Yes,Structured micro-duration provides a clear cognitive focus anchor without executive function overload.,"Proprioceptive, Rhythm",Solo,Moderate,"Calm, Stress Relief, Focus","Anxious, Stressed, Overwhelmed",anytime,Micro-movements & Breathwork
,,2. Inhale deeply through right nostril for 4s.,,,,,,,,,,,,,,,,,
,,3. Exhale through right nostril for 4s.,,,,,,,,,,,,,,,,,
,,4. Maintain rhythmic right-channel breathing for 5 minutes.,,,,,,,,,,,,,,,,,
Ocular Horizon Tracking (Variation #228),Horizontal ocular motility reset to reduce digital eye strain.,1. Hold thumb out at arm length.,Time-Bound,Therapeutic & Somatic Micro-Movements,5.0,1.0,Free,Indoor/Outdoor,12.0,99.0,Yes,Structured micro-duration provides a clear cognitive focus anchor without executive function overload.,"Proprioceptive, Tactile",Solo,Moderate,"Mobility, Tension Release, Energy","Restless, Stiff, Lethargic",anytime,Micro-movements & Breathwork
,,2. Move thumb slowly left to right while keeping head perfectly still.,,,,,,,,,,,,,,,,,
,,3. Follow thumb tip with eyes only.,,,,,,,,,,,,,,,,,
,,"4. Perform 10 sweeps, rest 10s, repeat for 5 minutes.",,,,,,,,,,,,,,,,,
Seated Thoracic Decompression (Variation #229),Extends stiff thoracic spine after prolonged sitting.,1. Sit at front edge of chair.,Time-Bound,Desk Mobility & Joint Resets,5.0,1.0,Free,Indoor/Outdoor,12.0,99.0,Yes,Structured micro-duration provides a clear cognitive focus anchor without executive function overload.,"Proprioceptive, Tactile",Solo,Moderate,"Mobility, Tension Release, Energy","Restless, Stiff, Lethargic",anytime,Micro-movements & Breathwork
,,"2. Interlace fingers behind head, elbows wide.",,,,,,,,,,,,,,,,,
,,3. Inhale and arch upper back over chair back.,,,,,,,,,,,,,,,,,
,,4. Exhale and gently round forward. Repeat 10 times across 5 minutes.,,,,,,,,,,,,,,,,,
Neuroscience Focus Drill (Drill #230),Structured 5-minute active reading and comprehension exercise focused on neuroscience focus drill.,1. Select a brief passage focused on neuroscience focus drill.,Time-Bound,Mindful Reading & Cognitive Micro-Drills,5.0,1.0,Free,Indoor/Outdoor,12.0,99.0,Yes,Structured micro-duration provides a clear cognitive focus anchor without executive function overload.,"Visual, Cognitive",Solo,Low,"Focus, Comprehension, Mental Clarity","Seeking Focus, Distracted, Overwhelmed",anytime,Micro-movements & Breathwork
,,2. Read continuously with active visual tracking for 3 minutes.,,,,,,,,,,,,,,,,,
,,3. Annotate key concepts or write down 2 core summary takeaways.,,,,,,,,,,,,,,,,,
,,4. Conclude with 1 minute of mental consolidation and recall check.,,,,,,,,,,,,,,,,,
Resonant Box Breath - Protocol #231,A balanced 4-4-4-4 rhythm to soothe the central nervous system.,1. Inhale through nose for 4 seconds.,Time-Bound,Calming Breathwork,5.0,1.0,Free,Indoor/Outdoor,12.0,99.0,Yes,Structured micro-duration provides a clear cognitive focus anchor without executive function overload.,"Proprioceptive, Rhythm",Solo,Low,"Calm, Stress Relief, Focus","Anxious, Stressed, Overwhelmed",anytime,Micro-movements & Breathwork
,,2. Hold breath for 4 seconds.,,,,,,,,,,,,,,,,,
,,3. Exhale through mouth for 4 seconds.,,,,,,,,,,,,,,,,,
,,4. Hold empty for 4 seconds. Repeat for 5 minutes.,,,,,,,,,,,,,,,,,
Segmented Morning Inhale - Protocol #232,Staccato three-part inhale to clear brain fog instantly.,1. Take short inhale step 1 into belly.,Time-Bound,Energizing Breathwork,5.0,1.0,Free,Indoor/Outdoor,12.0,99.0,Yes,Structured micro-duration provides a clear cognitive focus anchor without executive function overload.,"Proprioceptive, Rhythm",Solo,Moderate,"Calm, Stress Relief, Focus","Anxious, Stressed, Overwhelmed",anytime,Micro-movements & Breathwork
,,2. Take short inhale step 2 into chest.,,,,,,,,,,,,,,,,,
,,3. Take short inhale step 3 into collarbones.,,,,,,,,,,,,,,,,,
,,4. Exhale smooth and unforced. Repeat for 5 minutes.,,,,,,,,,,,,,,,,,
Somatic Tremor Shakeout (Variation #233),Vigorous full-body shaking to discharge nervous system tension.,1. Stand with feet shoulder-width apart.,Time-Bound,Therapeutic & Somatic Micro-Movements,5.0,1.0,Free,Indoor/Outdoor,12.0,99.0,Yes,Structured micro-duration provides a clear cognitive focus anchor without executive function overload.,"Proprioceptive, Tactile",Solo,Moderate,"Mobility, Tension Release, Energy","Restless, Stiff, Lethargic",anytime,Micro-movements & Breathwork
,,2. Begin bouncing lightly on heels and shaking wrist joints.,,,,,,,,,,,,,,,,,
,,"3. Allow vibration to travel up shoulders, jaw, and torso.",,,,,,,,,,,,,,,,,
,,4. Shake continuously for 5 minutes to release trapped stress.,,,,,,,,,,,,,,,,,
Wrist & Forearm Tension Release (Variation #234),Stretches wrist flexors and extensors for keyboard users.,"1. Extend right arm forward, palm up.",Time-Bound,Desk Mobility & Joint Resets,5.0,1.0,Free,Indoor/Outdoor,12.0,99.0,Yes,Structured micro-duration provides a clear cognitive focus anchor without executive function overload.,"Proprioceptive, Tactile",Solo,Moderate,"Mobility, Tension Release, Energy","Restless, Stiff, Lethargic",anytime,Micro-movements & Breathwork
,,2. Pull fingers down with left hand gently for 30s.,,,,,,,,,,,,,,,,,
,,"3. Flip palm down, pull hand back toward wrist for 30s.",,,,,,,,,,,,,,,,,
,,4. Swap sides and repeat cycles for 5 minutes.,,,,,,,,,,,,,,,,,
Biographical Profile Analysis (Drill #235),Structured 5-minute active reading and comprehension exercise focused on biographical profile analysis.,1. Select a brief passage focused on biographical profile analysis.,Time-Bound,Mindful Reading & Cognitive Micro-Drills,5.0,1.0,Free,Indoor/Outdoor,12.0,99.0,Yes,Structured micro-duration provides a clear cognitive focus anchor without executive function overload.,"Visual, Cognitive",Solo,Low,"Focus, Comprehension, Mental Clarity","Seeking Focus, Distracted, Overwhelmed",anytime,Micro-movements & Breathwork
,,2. Read continuously with active visual tracking for 3 minutes.,,,,,,,,,,,,,,,,,
,,3. Annotate key concepts or write down 2 core summary takeaways.,,,,,,,,,,,,,,,,,
,,4. Conclude with 1 minute of mental consolidation and recall check.,,,,,,,,,,,,,,,,,
4-8 Cadence Decompression - Protocol #236,Extended exhale pattern engineered for immediate nervous system down-regulation.,1. Inhale nose for 4 seconds.,Time-Bound,Calming Breathwork,5.0,1.0,Free,Indoor/Outdoor,12.0,99.0,Yes,Structured micro-duration provides a clear cognitive focus anchor without executive function overload.,"Proprioceptive, Rhythm",Solo,Low,"Calm, Stress Relief, Focus","Anxious, Stressed, Overwhelmed",anytime,Micro-movements & Breathwork
,,2. Exhale slowly and completely through mouth for 8 seconds.,,,,,,,,,,,,,,,,,
,,3. Pause 1 second at the bottom.,,,,,,,,,,,,,,,,,
,,4. Repeat cycle for 5 minutes.,,,,,,,,,,,,,,,,,
Bellows Vitality Pump - Protocol #237,Rhythmic rapid abdominal pumping to elevate alertness and focus.,1. Sit upright with extended spine.,Time-Bound,Energizing Breathwork,5.0,1.0,Free,Indoor/Outdoor,12.0,99.0,Yes,Structured micro-duration provides a clear cognitive focus anchor without executive function overload.,"Proprioceptive, Rhythm",Solo,Moderate,"Calm, Stress Relief, Focus","Anxious, Stressed, Overwhelmed",anytime,Micro-movements & Breathwork
,,2. Take rapid rhythmic inhales and exhales through nose at 1-second cadence.,,,,,,,,,,,,,,,,,
,,3. Keep chest steady while belly pumps aggressively.,,,,,,,,,,,,,,,,,
,,4. Perform 3 sets of 30 seconds with 15s calm recovery between sets for 5 minutes.,,,,,,,,,,,,,,,,,
Ocular Horizon Tracking (Variation #238),Horizontal ocular motility reset to reduce digital eye strain.,1. Hold thumb out at arm length.,Time-Bound,Therapeutic & Somatic Micro-Movements,5.0,1.0,Free,Indoor/Outdoor,12.0,99.0,Yes,Structured micro-duration provides a clear cognitive focus anchor without executive function overload.,"Proprioceptive, Tactile",Solo,Moderate,"Mobility, Tension Release, Energy","Restless, Stiff, Lethargic",anytime,Micro-movements & Breathwork
,,2. Move thumb slowly left to right while keeping head perfectly still.,,,,,,,,,,,,,,,,,
,,3. Follow thumb tip with eyes only.,,,,,,,,,,,,,,,,,
,,"4. Perform 10 sweeps, rest 10s, repeat for 5 minutes.",,,,,,,,,,,,,,,,,
Seated Thoracic Decompression (Variation #239),Extends stiff thoracic spine after prolonged sitting.,1. Sit at front edge of chair.,Time-Bound,Desk Mobility & Joint Resets,5.0,1.0,Free,Indoor/Outdoor,12.0,99.0,Yes,Structured micro-duration provides a clear cognitive focus anchor without executive function overload.,"Proprioceptive, Tactile",Solo,Moderate,"Mobility, Tension Release, Energy","Restless, Stiff, Lethargic",anytime,Micro-movements & Breathwork
,,"2. Interlace fingers behind head, elbows wide.",,,,,,,,,,,,,,,,,
,,3. Inhale and arch upper back over chair back.,,,,,,,,,,,,,,,,,
,,4. Exhale and gently round forward. Repeat 10 times across 5 minutes.,,,,,,,,,,,,,,,,,
Technical Synthesis Reading (Drill #240),Structured 5-minute active reading and comprehension exercise focused on technical synthesis reading.,1. Select a brief passage focused on technical synthesis reading.,Time-Bound,Mindful Reading & Cognitive Micro-Drills,5.0,1.0,Free,Indoor/Outdoor,12.0,99.0,Yes,Structured micro-duration provides a clear cognitive focus anchor without executive function overload.,"Visual, Cognitive",Solo,Low,"Focus, Comprehension, Mental Clarity","Seeking Focus, Distracted, Overwhelmed",anytime,Micro-movements & Breathwork
,,2. Read continuously with active visual tracking for 3 minutes.,,,,,,,,,,,,,,,,,
,,3. Annotate key concepts or write down 2 core summary takeaways.,,,,,,,,,,,,,,,,,
,,4. Conclude with 1 minute of mental consolidation and recall check.,,,,,,,,,,,,,,,,,
4-8 Cadence Decompression - Protocol #241,Extended exhale pattern engineered for immediate nervous system down-regulation.,1. Inhale nose for 4 seconds.,Time-Bound,Calming Breathwork,5.0,1.0,Free,Indoor/Outdoor,12.0,99.0,Yes,Structured micro-duration provides a clear cognitive focus anchor without executive function overload.,"Proprioceptive, Rhythm",Solo,Low,"Calm, Stress Relief, Focus","Anxious, Stressed, Overwhelmed",anytime,Micro-movements & Breathwork
,,2. Exhale slowly and completely through mouth for 8 seconds.,,,,,,,,,,,,,,,,,
,,3. Pause 1 second at the bottom.,,,,,,,,,,,,,,,,,
,,4. Repeat cycle for 5 minutes.,,,,,,,,,,,,,,,,,
Segmented Morning Inhale - Protocol #242,Staccato three-part inhale to clear brain fog instantly.,1. Take short inhale step 1 into belly.,Time-Bound,Energizing Breathwork,5.0,1.0,Free,Indoor/Outdoor,12.0,99.0,Yes,Structured micro-duration provides a clear cognitive focus anchor without executive function overload.,"Proprioceptive, Rhythm",Solo,Moderate,"Calm, Stress Relief, Focus","Anxious, Stressed, Overwhelmed",anytime,Micro-movements & Breathwork
,,2. Take short inhale step 2 into chest.,,,,,,,,,,,,,,,,,
,,3. Take short inhale step 3 into collarbones.,,,,,,,,,,,,,,,,,
,,4. Exhale smooth and unforced. Repeat for 5 minutes.,,,,,,,,,,,,,,,,,
Somatic Tremor Shakeout (Variation #243),Vigorous full-body shaking to discharge nervous system tension.,1. Stand with feet shoulder-width apart.,Time-Bound,Therapeutic & Somatic Micro-Movements,5.0,1.0,Free,Indoor/Outdoor,12.0,99.0,Yes,Structured micro-duration provides a clear cognitive focus anchor without executive function overload.,"Proprioceptive, Tactile",Solo,Moderate,"Mobility, Tension Release, Energy","Restless, Stiff, Lethargic",anytime,Micro-movements & Breathwork
,,2. Begin bouncing lightly on heels and shaking wrist joints.,,,,,,,,,,,,,,,,,
,,"3. Allow vibration to travel up shoulders, jaw, and torso.",,,,,,,,,,,,,,,,,
,,4. Shake continuously for 5 minutes to release trapped stress.,,,,,,,,,,,,,,,,,
Seated Thoracic Decompression (Variation #244),Extends stiff thoracic spine after prolonged sitting.,1. Sit at front edge of chair.,Time-Bound,Desk Mobility & Joint Resets,5.0,1.0,Free,Indoor/Outdoor,12.0,99.0,Yes,Structured micro-duration provides a clear cognitive focus anchor without executive function overload.,"Proprioceptive, Tactile",Solo,Moderate,"Mobility, Tension Release, Energy","Restless, Stiff, Lethargic",anytime,Micro-movements & Breathwork
,,"2. Interlace fingers behind head, elbows wide.",,,,,,,,,,,,,,,,,
,,3. Inhale and arch upper back over chair back.,,,,,,,,,,,,,,,,,
,,4. Exhale and gently round forward. Repeat 10 times across 5 minutes.,,,,,,,,,,,,,,,,,
Wisdom Literature Reflection (Drill #245),Structured 5-minute active reading and comprehension exercise focused on wisdom literature reflection.,1. Select a brief passage focused on wisdom literature reflection.,Time-Bound,Mindful Reading & Cognitive Micro-Drills,5.0,1.0,Free,Indoor/Outdoor,12.0,99.0,Yes,Structured micro-duration provides a clear cognitive focus anchor without executive function overload.,"Visual, Cognitive",Solo,Low,"Focus, Comprehension, Mental Clarity","Seeking Focus, Distracted, Overwhelmed",anytime,Micro-movements & Breathwork
,,2. Read continuously with active visual tracking for 3 minutes.,,,,,,,,,,,,,,,,,
,,3. Annotate key concepts or write down 2 core summary takeaways.,,,,,,,,,,,,,,,,,
,,4. Conclude with 1 minute of mental consolidation and recall check.,,,,,,,,,,,,,,,,,
4-8 Cadence Decompression - Protocol #246,Extended exhale pattern engineered for immediate nervous system down-regulation.,1. Inhale nose for 4 seconds.,Time-Bound,Calming Breathwork,5.0,1.0,Free,Indoor/Outdoor,12.0,99.0,Yes,Structured micro-duration provides a clear cognitive focus anchor without executive function overload.,"Proprioceptive, Rhythm",Solo,Low,"Calm, Stress Relief, Focus","Anxious, Stressed, Overwhelmed",anytime,Micro-movements & Breathwork
,,2. Exhale slowly and completely through mouth for 8 seconds.,,,,,,,,,,,,,,,,,
,,3. Pause 1 second at the bottom.,,,,,,,,,,,,,,,,,
,,4. Repeat cycle for 5 minutes.,,,,,,,,,,,,,,,,,
Segmented Morning Inhale - Protocol #247,Staccato three-part inhale to clear brain fog instantly.,1. Take short inhale step 1 into belly.,Time-Bound,Energizing Breathwork,5.0,1.0,Free,Indoor/Outdoor,12.0,99.0,Yes,Structured micro-duration provides a clear cognitive focus anchor without executive function overload.,"Proprioceptive, Rhythm",Solo,Moderate,"Calm, Stress Relief, Focus","Anxious, Stressed, Overwhelmed",anytime,Micro-movements & Breathwork
,,2. Take short inhale step 2 into chest.,,,,,,,,,,,,,,,,,
,,3. Take short inhale step 3 into collarbones.,,,,,,,,,,,,,,,,,
,,4. Exhale smooth and unforced. Repeat for 5 minutes.,,,,,,,,,,,,,,,,,
Pragmatic Grounding Tap (Variation #248),Rhythmic body tapping protocol to re-anchor spatial awareness.,1. Tap upper chest gently with fingertips for 60s.,Time-Bound,Therapeutic & Somatic Micro-Movements,5.0,1.0,Free,Indoor/Outdoor,12.0,99.0,Yes,Structured micro-duration provides a clear cognitive focus anchor without executive function overload.,"Proprioceptive, Tactile",Solo,Moderate,"Mobility, Tension Release, Energy","Restless, Stiff, Lethargic",anytime,Micro-movements & Breathwork
,,"2. Tap down arms, belly, thighs, and calves sequentially.",,,,,,,,,,,,,,,,,
,,3. Focus on tactile feedback and temperature.,,,,,,,,,,,,,,,,,
,,4. Repeat full-body rhythm 3 times across 5 minutes.,,,,,,,,,,,,,,,,,
Cervical Spine Glide Routine (Variation #249),Gentle cervical retractions to relieve tech-neck tightness.,1. Sit tall with chin parallel to floor.,Time-Bound,Desk Mobility & Joint Resets,5.0,1.0,Free,Indoor/Outdoor,12.0,99.0,Yes,Structured micro-duration provides a clear cognitive focus anchor without executive function overload.,"Proprioceptive, Tactile",Solo,Moderate,"Mobility, Tension Release, Energy","Restless, Stiff, Lethargic",anytime,Micro-movements & Breathwork
,,2. Glide chin straight back creating a double chin.,,,,,,,,,,,,,,,,,
,,"3. Hold 3 seconds, release forward smoothly.",,,,,,,,,,,,,,,,,
,,"4. Perform 12 reps, 3 sets across 5 minutes.",,,,,,,,,,,,,,,,,
Psychology Insight Parsing (Drill #250),Structured 5-minute active reading and comprehension exercise focused on psychology insight parsing.,1. Select a brief passage focused on psychology insight parsing.,Time-Bound,Mindful Reading & Cognitive Micro-Drills,5.0,1.0,Free,Indoor/Outdoor,12.0,99.0,Yes,Structured micro-duration provides a clear cognitive focus anchor without executive function overload.,"Visual, Cognitive",Solo,Low,"Focus, Comprehension, Mental Clarity","Seeking Focus, Distracted, Overwhelmed",anytime,Micro-movements & Breathwork
,,2. Read continuously with active visual tracking for 3 minutes.,,,,,,,,,,,,,,,,,
,,3. Annotate key concepts or write down 2 core summary takeaways.,,,,,,,,,,,,,,,,,
,,4. Conclude with 1 minute of mental consolidation and recall check.,,,,,,,,,,,,,,,,,
Resonant Box Breath - Protocol #251,A balanced 4-4-4-4 rhythm to soothe the central nervous system.,1. Inhale through nose for 4 seconds.,Time-Bound,Calming Breathwork,5.0,1.0,Free,Indoor/Outdoor,12.0,99.0,Yes,Structured micro-duration provides a clear cognitive focus anchor without executive function overload.,"Proprioceptive, Rhythm",Solo,Low,"Calm, Stress Relief, Focus","Anxious, Stressed, Overwhelmed",anytime,Micro-movements & Breathwork
,,2. Hold breath for 4 seconds.,,,,,,,,,,,,,,,,,
,,3. Exhale through mouth for 4 seconds.,,,,,,,,,,,,,,,,,
,,4. Hold empty for 4 seconds. Repeat for 5 minutes.,,,,,,,,,,,,,,,,,
Sun Channel Activation - Protocol #252,Right nostril breath control to spark focus and metabolic energy.,1. Block left nostril gently with ring finger.,Time-Bound,Energizing Breathwork,5.0,1.0,Free,Indoor/Outdoor,12.0,99.0,Yes,Structured micro-duration provides a clear cognitive focus anchor without executive function overload.,"Proprioceptive, Rhythm",Solo,Moderate,"Calm, Stress Relief, Focus","Anxious, Stressed, Overwhelmed",anytime,Micro-movements & Breathwork
,,2. Inhale deeply through right nostril for 4s.,,,,,,,,,,,,,,,,,
,,3. Exhale through right nostril for 4s.,,,,,,,,,,,,,,,,,
,,4. Maintain rhythmic right-channel breathing for 5 minutes.,,,,,,,,,,,,,,,,,
Ocular Horizon Tracking (Variation #253),Horizontal ocular motility reset to reduce digital eye strain.,1. Hold thumb out at arm length.,Time-Bound,Therapeutic & Somatic Micro-Movements,5.0,1.0,Free,Indoor/Outdoor,12.0,99.0,Yes,Structured micro-duration provides a clear cognitive focus anchor without executive function overload.,"Proprioceptive, Tactile",Solo,Moderate,"Mobility, Tension Release, Energy","Restless, Stiff, Lethargic",anytime,Micro-movements & Breathwork
,,2. Move thumb slowly left to right while keeping head perfectly still.,,,,,,,,,,,,,,,,,
,,3. Follow thumb tip with eyes only.,,,,,,,,,,,,,,,,,
,,"4. Perform 10 sweeps, rest 10s, repeat for 5 minutes.",,,,,,,,,,,,,,,,,
Wrist & Forearm Tension Release (Variation #254),Stretches wrist flexors and extensors for keyboard users.,"1. Extend right arm forward, palm up.",Time-Bound,Desk Mobility & Joint Resets,5.0,1.0,Free,Indoor/Outdoor,12.0,99.0,Yes,Structured micro-duration provides a clear cognitive focus anchor without executive function overload.,"Proprioceptive, Tactile",Solo,Moderate,"Mobility, Tension Release, Energy","Restless, Stiff, Lethargic",anytime,Micro-movements & Breathwork
,,2. Pull fingers down with left hand gently for 30s.,,,,,,,,,,,,,,,,,
,,"3. Flip palm down, pull hand back toward wrist for 30s.",,,,,,,,,,,,,,,,,
,,4. Swap sides and repeat cycles for 5 minutes.,,,,,,,,,,,,,,,,,
Mindful Non-Fiction Passage (Drill #255),Structured 5-minute active reading and comprehension exercise focused on mindful non-fiction passage.,1. Select a brief passage focused on mindful non-fiction passage.,Time-Bound,Mindful Reading & Cognitive Micro-Drills,5.0,1.0,Free,Indoor/Outdoor,12.0,99.0,Yes,Structured micro-duration provides a clear cognitive focus anchor without executive function overload.,"Visual, Cognitive",Solo,Low,"Focus, Comprehension, Mental Clarity","Seeking Focus, Distracted, Overwhelmed",anytime,Micro-movements & Breathwork
,,2. Read continuously with active visual tracking for 3 minutes.,,,,,,,,,,,,,,,,,
,,3. Annotate key concepts or write down 2 core summary takeaways.,,,,,,,,,,,,,,,,,
,,4. Conclude with 1 minute of mental consolidation and recall check.,,,,,,,,,,,,,,,,,
4-8 Cadence Decompression - Protocol #256,Extended exhale pattern engineered for immediate nervous system down-regulation.,1. Inhale nose for 4 seconds.,Time-Bound,Calming Breathwork,5.0,1.0,Free,Indoor/Outdoor,12.0,99.0,Yes,Structured micro-duration provides a clear cognitive focus anchor without executive function overload.,"Proprioceptive, Rhythm",Solo,Low,"Calm, Stress Relief, Focus","Anxious, Stressed, Overwhelmed",anytime,Micro-movements & Breathwork
,,2. Exhale slowly and completely through mouth for 8 seconds.,,,,,,,,,,,,,,,,,
,,3. Pause 1 second at the bottom.,,,,,,,,,,,,,,,,,
,,4. Repeat cycle for 5 minutes.,,,,,,,,,,,,,,,,,
Sun Channel Activation - Protocol #257,Right nostril breath control to spark focus and metabolic energy.,1. Block left nostril gently with ring finger.,Time-Bound,Energizing Breathwork,5.0,1.0,Free,Indoor/Outdoor,12.0,99.0,Yes,Structured micro-duration provides a clear cognitive focus anchor without executive function overload.,"Proprioceptive, Rhythm",Solo,Moderate,"Calm, Stress Relief, Focus","Anxious, Stressed, Overwhelmed",anytime,Micro-movements & Breathwork
,,2. Inhale deeply through right nostril for 4s.,,,,,,,,,,,,,,,,,
,,3. Exhale through right nostril for 4s.,,,,,,,,,,,,,,,,,
,,4. Maintain rhythmic right-channel breathing for 5 minutes.,,,,,,,,,,,,,,,,,
Pragmatic Grounding Tap (Variation #258),Rhythmic body tapping protocol to re-anchor spatial awareness.,1. Tap upper chest gently with fingertips for 60s.,Time-Bound,Therapeutic & Somatic Micro-Movements,5.0,1.0,Free,Indoor/Outdoor,12.0,99.0,Yes,Structured micro-duration provides a clear cognitive focus anchor without executive function overload.,"Proprioceptive, Tactile",Solo,Moderate,"Mobility, Tension Release, Energy","Restless, Stiff, Lethargic",anytime,Micro-movements & Breathwork
,,"2. Tap down arms, belly, thighs, and calves sequentially.",,,,,,,,,,,,,,,,,
,,3. Focus on tactile feedback and temperature.,,,,,,,,,,,,,,,,,
,,4. Repeat full-body rhythm 3 times across 5 minutes.,,,,,,,,,,,,,,,,,
Seated Thoracic Decompression (Variation #259),Extends stiff thoracic spine after prolonged sitting.,1. Sit at front edge of chair.,Time-Bound,Desk Mobility & Joint Resets,5.0,1.0,Free,Indoor/Outdoor,12.0,99.0,Yes,Structured micro-duration provides a clear cognitive focus anchor without executive function overload.,"Proprioceptive, Tactile",Solo,Moderate,"Mobility, Tension Release, Energy","Restless, Stiff, Lethargic",anytime,Micro-movements & Breathwork
,,"2. Interlace fingers behind head, elbows wide.",,,,,,,,,,,,,,,,,
,,3. Inhale and arch upper back over chair back.,,,,,,,,,,,,,,,,,
,,4. Exhale and gently round forward. Repeat 10 times across 5 minutes.,,,,,,,,,,,,,,,,,
Technical Synthesis Reading (Drill #260),Structured 5-minute active reading and comprehension exercise focused on technical synthesis reading.,1. Select a brief passage focused on technical synthesis reading.,Time-Bound,Mindful Reading & Cognitive Micro-Drills,5.0,1.0,Free,Indoor/Outdoor,12.0,99.0,Yes,Structured micro-duration provides a clear cognitive focus anchor without executive function overload.,"Visual, Cognitive",Solo,Low,"Focus, Comprehension, Mental Clarity","Seeking Focus, Distracted, Overwhelmed",anytime,Micro-movements & Breathwork
,,2. Read continuously with active visual tracking for 3 minutes.,,,,,,,,,,,,,,,,,
,,3. Annotate key concepts or write down 2 core summary takeaways.,,,,,,,,,,,,,,,,,
,,4. Conclude with 1 minute of mental consolidation and recall check.,,,,,,,,,,,,,,,,,
Vagus Nerve Ocean Inhale - Protocol #261,Slow rhythmic deep breathing targeting vagal tone stimulation.,1. Sit upright with soft shoulders.,Time-Bound,Calming Breathwork,5.0,1.0,Free,Indoor/Outdoor,12.0,99.0,Yes,Structured micro-duration provides a clear cognitive focus anchor without executive function overload.,"Proprioceptive, Rhythm",Solo,Low,"Calm, Stress Relief, Focus","Anxious, Stressed, Overwhelmed",anytime,Micro-movements & Breathwork
,,2. Inhale deeply into lower abdomen for 5s.,,,,,,,,,,,,,,,,,
,,3. Exhale slowly with a subtle back-of-throat hum for 5s.,,,,,,,,,,,,,,,,,
,,4. Repeat smoothly for 5 minutes.,,,,,,,,,,,,,,,,,
Sun Channel Activation - Protocol #262,Right nostril breath control to spark focus and metabolic energy.,1. Block left nostril gently with ring finger.,Time-Bound,Energizing Breathwork,5.0,1.0,Free,Indoor/Outdoor,12.0,99.0,Yes,Structured micro-duration provides a clear cognitive focus anchor without executive function overload.,"Proprioceptive, Rhythm",Solo,Moderate,"Calm, Stress Relief, Focus","Anxious, Stressed, Overwhelmed",anytime,Micro-movements & Breathwork
,,2. Inhale deeply through right nostril for 4s.,,,,,,,,,,,,,,,,,
,,3. Exhale through right nostril for 4s.,,,,,,,,,,,,,,,,,
,,4. Maintain rhythmic right-channel breathing for 5 minutes.,,,,,,,,,,,,,,,,,
Pragmatic Grounding Tap (Variation #263),Rhythmic body tapping protocol to re-anchor spatial awareness.,1. Tap upper chest gently with fingertips for 60s.,Time-Bound,Therapeutic & Somatic Micro-Movements,5.0,1.0,Free,Indoor/Outdoor,12.0,99.0,Yes,Structured micro-duration provides a clear cognitive focus anchor without executive function overload.,"Proprioceptive, Tactile",Solo,Moderate,"Mobility, Tension Release, Energy","Restless, Stiff, Lethargic",anytime,Micro-movements & Breathwork
,,"2. Tap down arms, belly, thighs, and calves sequentially.",,,,,,,,,,,,,,,,,
,,3. Focus on tactile feedback and temperature.,,,,,,,,,,,,,,,,,
,,4. Repeat full-body rhythm 3 times across 5 minutes.,,,,,,,,,,,,,,,,,
Seated Thoracic Decompression (Variation #264),Extends stiff thoracic spine after prolonged sitting.,1. Sit at front edge of chair.,Time-Bound,Desk Mobility & Joint Resets,5.0,1.0,Free,Indoor/Outdoor,12.0,99.0,Yes,Structured micro-duration provides a clear cognitive focus anchor without executive function overload.,"Proprioceptive, Tactile",Solo,Moderate,"Mobility, Tension Release, Energy","Restless, Stiff, Lethargic",anytime,Micro-movements & Breathwork
,,"2. Interlace fingers behind head, elbows wide.",,,,,,,,,,,,,,,,,
,,3. Inhale and arch upper back over chair back.,,,,,,,,,,,,,,,,,
,,4. Exhale and gently round forward. Repeat 10 times across 5 minutes.,,,,,,,,,,,,,,,,,
Philosophical Text Study (Drill #265),Structured 5-minute active reading and comprehension exercise focused on philosophical text study.,1. Select a brief passage focused on philosophical text study.,Time-Bound,Mindful Reading & Cognitive Micro-Drills,5.0,1.0,Free,Indoor/Outdoor,12.0,99.0,Yes,Structured micro-duration provides a clear cognitive focus anchor without executive function overload.,"Visual, Cognitive",Solo,Low,"Focus, Comprehension, Mental Clarity","Seeking Focus, Distracted, Overwhelmed",anytime,Micro-movements & Breathwork
,,2. Read continuously with active visual tracking for 3 minutes.,,,,,,,,,,,,,,,,,
,,3. Annotate key concepts or write down 2 core summary takeaways.,,,,,,,,,,,,,,,,,
,,4. Conclude with 1 minute of mental consolidation and recall check.,,,,,,,,,,,,,,,,,
Diaphragmatic Belly Anchor - Protocol #266,Deep grounding belly breathing to lower heart rate.,1. Place one hand on chest and one on belly.,Time-Bound,Calming Breathwork,5.0,1.0,Free,Indoor/Outdoor,12.0,99.0,Yes,Structured micro-duration provides a clear cognitive focus anchor without executive function overload.,"Proprioceptive, Rhythm",Solo,Low,"Calm, Stress Relief, Focus","Anxious, Stressed, Overwhelmed",anytime,Micro-movements & Breathwork
,,2. Breathe in deeply ensuring only the belly rises for 4s.,,,,,,,,,,,,,,,,,
,,3. Exhale slowly through pursed lips for 6s.,,,,,,,,,,,,,,,,,
,,4. Focus on tactile warmth of your hands for 5 minutes.,,,,,,,,,,,,,,,,,
Segmented Morning Inhale - Protocol #267,Staccato three-part inhale to clear brain fog instantly.,1. Take short inhale step 1 into belly.,Time-Bound,Energizing Breathwork,5.0,1.0,Free,Indoor/Outdoor,12.0,99.0,Yes,Structured micro-duration provides a clear cognitive focus anchor without executive function overload.,"Proprioceptive, Rhythm",Solo,Moderate,"Calm, Stress Relief, Focus","Anxious, Stressed, Overwhelmed",anytime,Micro-movements & Breathwork
,,2. Take short inhale step 2 into chest.,,,,,,,,,,,,,,,,,
,,3. Take short inhale step 3 into collarbones.,,,,,,,,,,,,,,,,,
,,4. Exhale smooth and unforced. Repeat for 5 minutes.,,,,,,,,,,,,,,,,,
Somatic Tremor Shakeout (Variation #268),Vigorous full-body shaking to discharge nervous system tension.,1. Stand with feet shoulder-width apart.,Time-Bound,Therapeutic & Somatic Micro-Movements,5.0,1.0,Free,Indoor/Outdoor,12.0,99.0,Yes,Structured micro-duration provides a clear cognitive focus anchor without executive function overload.,"Proprioceptive, Tactile",Solo,Moderate,"Mobility, Tension Release, Energy","Restless, Stiff, Lethargic",anytime,Micro-movements & Breathwork
,,2. Begin bouncing lightly on heels and shaking wrist joints.,,,,,,,,,,,,,,,,,
,,"3. Allow vibration to travel up shoulders, jaw, and torso.",,,,,,,,,,,,,,,,,
,,4. Shake continuously for 5 minutes to release trapped stress.,,,,,,,,,,,,,,,,,
Seated Thoracic Decompression (Variation #269),Extends stiff thoracic spine after prolonged sitting.,1. Sit at front edge of chair.,Time-Bound,Desk Mobility & Joint Resets,5.0,1.0,Free,Indoor/Outdoor,12.0,99.0,Yes,Structured micro-duration provides a clear cognitive focus anchor without executive function overload.,"Proprioceptive, Tactile",Solo,Moderate,"Mobility, Tension Release, Energy","Restless, Stiff, Lethargic",anytime,Micro-movements & Breathwork
,,"2. Interlace fingers behind head, elbows wide.",,,,,,,,,,,,,,,,,
,,3. Inhale and arch upper back over chair back.,,,,,,,,,,,,,,,,,
,,4. Exhale and gently round forward. Repeat 10 times across 5 minutes.,,,,,,,,,,,,,,,,,
Scientific Paper Abstract Review (Drill #270),Structured 5-minute active reading and comprehension exercise focused on scientific paper abstract review.,1. Select a brief passage focused on scientific paper abstract review.,Time-Bound,Mindful Reading & Cognitive Micro-Drills,5.0,1.0,Free,Indoor/Outdoor,12.0,99.0,Yes,Structured micro-duration provides a clear cognitive focus anchor without executive function overload.,"Visual, Cognitive",Solo,Low,"Focus, Comprehension, Mental Clarity","Seeking Focus, Distracted, Overwhelmed",anytime,Micro-movements & Breathwork
,,2. Read continuously with active visual tracking for 3 minutes.,,,,,,,,,,,,,,,,,
,,3. Annotate key concepts or write down 2 core summary takeaways.,,,,,,,,,,,,,,,,,
,,4. Conclude with 1 minute of mental consolidation and recall check.,,,,,,,,,,,,,,,,,
Resonant Box Breath - Protocol #271,A balanced 4-4-4-4 rhythm to soothe the central nervous system.,1. Inhale through nose for 4 seconds.,Time-Bound,Calming Breathwork,5.0,1.0,Free,Indoor/Outdoor,12.0,99.0,Yes,Structured micro-duration provides a clear cognitive focus anchor without executive function overload.,"Proprioceptive, Rhythm",Solo,Low,"Calm, Stress Relief, Focus","Anxious, Stressed, Overwhelmed",anytime,Micro-movements & Breathwork
,,2. Hold breath for 4 seconds.,,,,,,,,,,,,,,,,,
,,3. Exhale through mouth for 4 seconds.,,,,,,,,,,,,,,,,,
,,4. Hold empty for 4 seconds. Repeat for 5 minutes.,,,,,,,,,,,,,,,,,
Bellows Vitality Pump - Protocol #272,Rhythmic rapid abdominal pumping to elevate alertness and focus.,1. Sit upright with extended spine.,Time-Bound,Energizing Breathwork,5.0,1.0,Free,Indoor/Outdoor,12.0,99.0,Yes,Structured micro-duration provides a clear cognitive focus anchor without executive function overload.,"Proprioceptive, Rhythm",Solo,Moderate,"Calm, Stress Relief, Focus","Anxious, Stressed, Overwhelmed",anytime,Micro-movements & Breathwork
,,2. Take rapid rhythmic inhales and exhales through nose at 1-second cadence.,,,,,,,,,,,,,,,,,
,,3. Keep chest steady while belly pumps aggressively.,,,,,,,,,,,,,,,,,
,,4. Perform 3 sets of 30 seconds with 15s calm recovery between sets for 5 minutes.,,,,,,,,,,,,,,,,,
Ocular Horizon Tracking (Variation #273),Horizontal ocular motility reset to reduce digital eye strain.,1. Hold thumb out at arm length.,Time-Bound,Therapeutic & Somatic Micro-Movements,5.0,1.0,Free,Indoor/Outdoor,12.0,99.0,Yes,Structured micro-duration provides a clear cognitive focus anchor without executive function overload.,"Proprioceptive, Tactile",Solo,Moderate,"Mobility, Tension Release, Energy","Restless, Stiff, Lethargic",anytime,Micro-movements & Breathwork
,,2. Move thumb slowly left to right while keeping head perfectly still.,,,,,,,,,,,,,,,,,
,,3. Follow thumb tip with eyes only.,,,,,,,,,,,,,,,,,
,,"4. Perform 10 sweeps, rest 10s, repeat for 5 minutes.",,,,,,,,,,,,,,,,,
Wrist & Forearm Tension Release (Variation #274),Stretches wrist flexors and extensors for keyboard users.,"1. Extend right arm forward, palm up.",Time-Bound,Desk Mobility & Joint Resets,5.0,1.0,Free,Indoor/Outdoor,12.0,99.0,Yes,Structured micro-duration provides a clear cognitive focus anchor without executive function overload.,"Proprioceptive, Tactile",Solo,Moderate,"Mobility, Tension Release, Energy","Restless, Stiff, Lethargic",anytime,Micro-movements & Breathwork
,,2. Pull fingers down with left hand gently for 30s.,,,,,,,,,,,,,,,,,
,,"3. Flip palm down, pull hand back toward wrist for 30s.",,,,,,,,,,,,,,,,,
,,4. Swap sides and repeat cycles for 5 minutes.,,,,,,,,,,,,,,,,,
Neuroscience Focus Drill (Drill #275),Structured 5-minute active reading and comprehension exercise focused on neuroscience focus drill.,1. Select a brief passage focused on neuroscience focus drill.,Time-Bound,Mindful Reading & Cognitive Micro-Drills,5.0,1.0,Free,Indoor/Outdoor,12.0,99.0,Yes,Structured micro-duration provides a clear cognitive focus anchor without executive function overload.,"Visual, Cognitive",Solo,Low,"Focus, Comprehension, Mental Clarity","Seeking Focus, Distracted, Overwhelmed",anytime,Micro-movements & Breathwork
,,2. Read continuously with active visual tracking for 3 minutes.,,,,,,,,,,,,,,,,,
,,3. Annotate key concepts or write down 2 core summary takeaways.,,,,,,,,,,,,,,,,,
,,4. Conclude with 1 minute of mental consolidation and recall check.,,,,,,,,,,,,,,,,,
Vagus Nerve Ocean Inhale - Protocol #276,Slow rhythmic deep breathing targeting vagal tone stimulation.,1. Sit upright with soft shoulders.,Time-Bound,Calming Breathwork,5.0,1.0,Free,Indoor/Outdoor,12.0,99.0,Yes,Structured micro-duration provides a clear cognitive focus anchor without executive function overload.,"Proprioceptive, Rhythm",Solo,Low,"Calm, Stress Relief, Focus","Anxious, Stressed, Overwhelmed",anytime,Micro-movements & Breathwork
,,2. Inhale deeply into lower abdomen for 5s.,,,,,,,,,,,,,,,,,
,,3. Exhale slowly with a subtle back-of-throat hum for 5s.,,,,,,,,,,,,,,,,,
,,4. Repeat smoothly for 5 minutes.,,,,,,,,,,,,,,,,,
Bellows Vitality Pump - Protocol #277,Rhythmic rapid abdominal pumping to elevate alertness and focus.,1. Sit upright with extended spine.,Time-Bound,Energizing Breathwork,5.0,1.0,Free,Indoor/Outdoor,12.0,99.0,Yes,Structured micro-duration provides a clear cognitive focus anchor without executive function overload.,"Proprioceptive, Rhythm",Solo,Moderate,"Calm, Stress Relief, Focus","Anxious, Stressed, Overwhelmed",anytime,Micro-movements & Breathwork
,,2. Take rapid rhythmic inhales and exhales through nose at 1-second cadence.,,,,,,,,,,,,,,,,,
,,3. Keep chest steady while belly pumps aggressively.,,,,,,,,,,,,,,,,,
,,4. Perform 3 sets of 30 seconds with 15s calm recovery between sets for 5 minutes.,,,,,,,,,,,,,,,,,
Pragmatic Grounding Tap (Variation #278),Rhythmic body tapping protocol to re-anchor spatial awareness.,1. Tap upper chest gently with fingertips for 60s.,Time-Bound,Therapeutic & Somatic Micro-Movements,5.0,1.0,Free,Indoor/Outdoor,12.0,99.0,Yes,Structured micro-duration provides a clear cognitive focus anchor without executive function overload.,"Proprioceptive, Tactile",Solo,Moderate,"Mobility, Tension Release, Energy","Restless, Stiff, Lethargic",anytime,Micro-movements & Breathwork
,,"2. Tap down arms, belly, thighs, and calves sequentially.",,,,,,,,,,,,,,,,,
,,3. Focus on tactile feedback and temperature.,,,,,,,,,,,,,,,,,
,,4. Repeat full-body rhythm 3 times across 5 minutes.,,,,,,,,,,,,,,,,,
Cervical Spine Glide Routine (Variation #279),Gentle cervical retractions to relieve tech-neck tightness.,1. Sit tall with chin parallel to floor.,Time-Bound,Desk Mobility & Joint Resets,5.0,1.0,Free,Indoor/Outdoor,12.0,99.0,Yes,Structured micro-duration provides a clear cognitive focus anchor without executive function overload.,"Proprioceptive, Tactile",Solo,Moderate,"Mobility, Tension Release, Energy","Restless, Stiff, Lethargic",anytime,Micro-movements & Breathwork
,,2. Glide chin straight back creating a double chin.,,,,,,,,,,,,,,,,,
,,"3. Hold 3 seconds, release forward smoothly.",,,,,,,,,,,,,,,,,
,,"4. Perform 12 reps, 3 sets across 5 minutes.",,,,,,,,,,,,,,,,,
Technical Synthesis Reading (Drill #280),Structured 5-minute active reading and comprehension exercise focused on technical synthesis reading.,1. Select a brief passage focused on technical synthesis reading.,Time-Bound,Mindful Reading & Cognitive Micro-Drills,5.0,1.0,Free,Indoor/Outdoor,12.0,99.0,Yes,Structured micro-duration provides a clear cognitive focus anchor without executive function overload.,"Visual, Cognitive",Solo,Low,"Focus, Comprehension, Mental Clarity","Seeking Focus, Distracted, Overwhelmed",anytime,Micro-movements & Breathwork
,,2. Read continuously with active visual tracking for 3 minutes.,,,,,,,,,,,,,,,,,
,,3. Annotate key concepts or write down 2 core summary takeaways.,,,,,,,,,,,,,,,,,
,,4. Conclude with 1 minute of mental consolidation and recall check.,,,,,,,,,,,,,,,,,
4-8 Cadence Decompression - Protocol #281,Extended exhale pattern engineered for immediate nervous system down-regulation.,1. Inhale nose for 4 seconds.,Time-Bound,Calming Breathwork,5.0,1.0,Free,Indoor/Outdoor,12.0,99.0,Yes,Structured micro-duration provides a clear cognitive focus anchor without executive function overload.,"Proprioceptive, Rhythm",Solo,Low,"Calm, Stress Relief, Focus","Anxious, Stressed, Overwhelmed",anytime,Micro-movements & Breathwork
,,2. Exhale slowly and completely through mouth for 8 seconds.,,,,,,,,,,,,,,,,,
,,3. Pause 1 second at the bottom.,,,,,,,,,,,,,,,,,
,,4. Repeat cycle for 5 minutes.,,,,,,,,,,,,,,,,,
Bellows Vitality Pump - Protocol #282,Rhythmic rapid abdominal pumping to elevate alertness and focus.,1. Sit upright with extended spine.,Time-Bound,Energizing Breathwork,5.0,1.0,Free,Indoor/Outdoor,12.0,99.0,Yes,Structured micro-duration provides a clear cognitive focus anchor without executive function overload.,"Proprioceptive, Rhythm",Solo,Moderate,"Calm, Stress Relief, Focus","Anxious, Stressed, Overwhelmed",anytime,Micro-movements & Breathwork
,,2. Take rapid rhythmic inhales and exhales through nose at 1-second cadence.,,,,,,,,,,,,,,,,,
,,3. Keep chest steady while belly pumps aggressively.,,,,,,,,,,,,,,,,,
,,4. Perform 3 sets of 30 seconds with 15s calm recovery between sets for 5 minutes.,,,,,,,,,,,,,,,,,
Somatic Tremor Shakeout (Variation #283),Vigorous full-body shaking to discharge nervous system tension.,1. Stand with feet shoulder-width apart.,Time-Bound,Therapeutic & Somatic Micro-Movements,5.0,1.0,Free,Indoor/Outdoor,12.0,99.0,Yes,Structured micro-duration provides a clear cognitive focus anchor without executive function overload.,"Proprioceptive, Tactile",Solo,Moderate,"Mobility, Tension Release, Energy","Restless, Stiff, Lethargic",anytime,Micro-movements & Breathwork
,,2. Begin bouncing lightly on heels and shaking wrist joints.,,,,,,,,,,,,,,,,,
,,"3. Allow vibration to travel up shoulders, jaw, and torso.",,,,,,,,,,,,,,,,,
,,4. Shake continuously for 5 minutes to release trapped stress.,,,,,,,,,,,,,,,,,
Cervical Spine Glide Routine (Variation #284),Gentle cervical retractions to relieve tech-neck tightness.,1. Sit tall with chin parallel to floor.,Time-Bound,Desk Mobility & Joint Resets,5.0,1.0,Free,Indoor/Outdoor,12.0,99.0,Yes,Structured micro-duration provides a clear cognitive focus anchor without executive function overload.,"Proprioceptive, Tactile",Solo,Moderate,"Mobility, Tension Release, Energy","Restless, Stiff, Lethargic",anytime,Micro-movements & Breathwork
,,2. Glide chin straight back creating a double chin.,,,,,,,,,,,,,,,,,
,,"3. Hold 3 seconds, release forward smoothly.",,,,,,,,,,,,,,,,,
,,"4. Perform 12 reps, 3 sets across 5 minutes.",,,,,,,,,,,,,,,,,
Stoic Maxims Comprehension (Drill #285),Structured 5-minute active reading and comprehension exercise focused on stoic maxims comprehension.,1. Select a brief passage focused on stoic maxims comprehension.,Time-Bound,Mindful Reading & Cognitive Micro-Drills,5.0,1.0,Free,Indoor/Outdoor,12.0,99.0,Yes,Structured micro-duration provides a clear cognitive focus anchor without executive function overload.,"Visual, Cognitive",Solo,Low,"Focus, Comprehension, Mental Clarity","Seeking Focus, Distracted, Overwhelmed",anytime,Micro-movements & Breathwork
,,2. Read continuously with active visual tracking for 3 minutes.,,,,,,,,,,,,,,,,,
,,3. Annotate key concepts or write down 2 core summary takeaways.,,,,,,,,,,,,,,,,,
,,4. Conclude with 1 minute of mental consolidation and recall check.,,,,,,,,,,,,,,,,,
Diaphragmatic Belly Anchor - Protocol #286,Deep grounding belly breathing to lower heart rate.,1. Place one hand on chest and one on belly.,Time-Bound,Calming Breathwork,5.0,1.0,Free,Indoor/Outdoor,12.0,99.0,Yes,Structured micro-duration provides a clear cognitive focus anchor without executive function overload.,"Proprioceptive, Rhythm",Solo,Low,"Calm, Stress Relief, Focus","Anxious, Stressed, Overwhelmed",anytime,Micro-movements & Breathwork
,,2. Breathe in deeply ensuring only the belly rises for 4s.,,,,,,,,,,,,,,,,,
,,3. Exhale slowly through pursed lips for 6s.,,,,,,,,,,,,,,,,,
,,4. Focus on tactile warmth of your hands for 5 minutes.,,,,,,,,,,,,,,,,,
Segmented Morning Inhale - Protocol #287,Staccato three-part inhale to clear brain fog instantly.,1. Take short inhale step 1 into belly.,Time-Bound,Energizing Breathwork,5.0,1.0,Free,Indoor/Outdoor,12.0,99.0,Yes,Structured micro-duration provides a clear cognitive focus anchor without executive function overload.,"Proprioceptive, Rhythm",Solo,Moderate,"Calm, Stress Relief, Focus","Anxious, Stressed, Overwhelmed",anytime,Micro-movements & Breathwork
,,2. Take short inhale step 2 into chest.,,,,,,,,,,,,,,,,,
,,3. Take short inhale step 3 into collarbones.,,,,,,,,,,,,,,,,,
,,4. Exhale smooth and unforced. Repeat for 5 minutes.,,,,,,,,,,,,,,,,,
Pragmatic Grounding Tap (Variation #288),Rhythmic body tapping protocol to re-anchor spatial awareness.,1. Tap upper chest gently with fingertips for 60s.,Time-Bound,Therapeutic & Somatic Micro-Movements,5.0,1.0,Free,Indoor/Outdoor,12.0,99.0,Yes,Structured micro-duration provides a clear cognitive focus anchor without executive function overload.,"Proprioceptive, Tactile",Solo,Moderate,"Mobility, Tension Release, Energy","Restless, Stiff, Lethargic",anytime,Micro-movements & Breathwork
,,"2. Tap down arms, belly, thighs, and calves sequentially.",,,,,,,,,,,,,,,,,
,,3. Focus on tactile feedback and temperature.,,,,,,,,,,,,,,,,,
,,4. Repeat full-body rhythm 3 times across 5 minutes.,,,,,,,,,,,,,,,,,
Cervical Spine Glide Routine (Variation #289),Gentle cervical retractions to relieve tech-neck tightness.,1. Sit tall with chin parallel to floor.,Time-Bound,Desk Mobility & Joint Resets,5.0,1.0,Free,Indoor/Outdoor,12.0,99.0,Yes,Structured micro-duration provides a clear cognitive focus anchor without executive function overload.,"Proprioceptive, Tactile",Solo,Moderate,"Mobility, Tension Release, Energy","Restless, Stiff, Lethargic",anytime,Micro-movements & Breathwork
,,2. Glide chin straight back creating a double chin.,,,,,,,,,,,,,,,,,
,,"3. Hold 3 seconds, release forward smoothly.",,,,,,,,,,,,,,,,,
,,"4. Perform 12 reps, 3 sets across 5 minutes.",,,,,,,,,,,,,,,,,
Philosophical Text Study (Drill #290),Structured 5-minute active reading and comprehension exercise focused on philosophical text study.,1. Select a brief passage focused on philosophical text study.,Time-Bound,Mindful Reading & Cognitive Micro-Drills,5.0,1.0,Free,Indoor/Outdoor,12.0,99.0,Yes,Structured micro-duration provides a clear cognitive focus anchor without executive function overload.,"Visual, Cognitive",Solo,Low,"Focus, Comprehension, Mental Clarity","Seeking Focus, Distracted, Overwhelmed",anytime,Micro-movements & Breathwork
,,2. Read continuously with active visual tracking for 3 minutes.,,,,,,,,,,,,,,,,,
,,3. Annotate key concepts or write down 2 core summary takeaways.,,,,,,,,,,,,,,,,,
,,4. Conclude with 1 minute of mental consolidation and recall check.,,,,,,,,,,,,,,,,,
Vagus Nerve Ocean Inhale - Protocol #291,Slow rhythmic deep breathing targeting vagal tone stimulation.,1. Sit upright with soft shoulders.,Time-Bound,Calming Breathwork,5.0,1.0,Free,Indoor/Outdoor,12.0,99.0,Yes,Structured micro-duration provides a clear cognitive focus anchor without executive function overload.,"Proprioceptive, Rhythm",Solo,Low,"Calm, Stress Relief, Focus","Anxious, Stressed, Overwhelmed",anytime,Micro-movements & Breathwork
,,2. Inhale deeply into lower abdomen for 5s.,,,,,,,,,,,,,,,,,
,,3. Exhale slowly with a subtle back-of-throat hum for 5s.,,,,,,,,,,,,,,,,,
,,4. Repeat smoothly for 5 minutes.,,,,,,,,,,,,,,,,,
Segmented Morning Inhale - Protocol #292,Staccato three-part inhale to clear brain fog instantly.,1. Take short inhale step 1 into belly.,Time-Bound,Energizing Breathwork,5.0,1.0,Free,Indoor/Outdoor,12.0,99.0,Yes,Structured micro-duration provides a clear cognitive focus anchor without executive function overload.,"Proprioceptive, Rhythm",Solo,Moderate,"Calm, Stress Relief, Focus","Anxious, Stressed, Overwhelmed",anytime,Micro-movements & Breathwork
,,2. Take short inhale step 2 into chest.,,,,,,,,,,,,,,,,,
,,3. Take short inhale step 3 into collarbones.,,,,,,,,,,,,,,,,,
,,4. Exhale smooth and unforced. Repeat for 5 minutes.,,,,,,,,,,,,,,,,,
Somatic Tremor Shakeout (Variation #293),Vigorous full-body shaking to discharge nervous system tension.,1. Stand with feet shoulder-width apart.,Time-Bound,Therapeutic & Somatic Micro-Movements,5.0,1.0,Free,Indoor/Outdoor,12.0,99.0,Yes,Structured micro-duration provides a clear cognitive focus anchor without executive function overload.,"Proprioceptive, Tactile",Solo,Moderate,"Mobility, Tension Release, Energy","Restless, Stiff, Lethargic",anytime,Micro-movements & Breathwork
,,2. Begin bouncing lightly on heels and shaking wrist joints.,,,,,,,,,,,,,,,,,
,,"3. Allow vibration to travel up shoulders, jaw, and torso.",,,,,,,,,,,,,,,,,
,,4. Shake continuously for 5 minutes to release trapped stress.,,,,,,,,,,,,,,,,,
Seated Thoracic Decompression (Variation #294),Extends stiff thoracic spine after prolonged sitting.,1. Sit at front edge of chair.,Time-Bound,Desk Mobility & Joint Resets,5.0,1.0,Free,Indoor/Outdoor,12.0,99.0,Yes,Structured micro-duration provides a clear cognitive focus anchor without executive function overload.,"Proprioceptive, Tactile",Solo,Moderate,"Mobility, Tension Release, Energy","Restless, Stiff, Lethargic",anytime,Micro-movements & Breathwork
,,"2. Interlace fingers behind head, elbows wide.",,,,,,,,,,,,,,,,,
,,3. Inhale and arch upper back over chair back.,,,,,,,,,,,,,,,,,
,,4. Exhale and gently round forward. Repeat 10 times across 5 minutes.,,,,,,,,,,,,,,,,,
Psychology Insight Parsing (Drill #295),Structured 5-minute active reading and comprehension exercise focused on psychology insight parsing.,1. Select a brief passage focused on psychology insight parsing.,Time-Bound,Mindful Reading & Cognitive Micro-Drills,5.0,1.0,Free,Indoor/Outdoor,12.0,99.0,Yes,Structured micro-duration provides a clear cognitive focus anchor without executive function overload.,"Visual, Cognitive",Solo,Low,"Focus, Comprehension, Mental Clarity","Seeking Focus, Distracted, Overwhelmed",anytime,Micro-movements & Breathwork
,,2. Read continuously with active visual tracking for 3 minutes.,,,,,,,,,,,,,,,,,
,,3. Annotate key concepts or write down 2 core summary takeaways.,,,,,,,,,,,,,,,,,
,,4. Conclude with 1 minute of mental consolidation and recall check.,,,,,,,,,,,,,,,,,
Diaphragmatic Belly Anchor - Protocol #296,Deep grounding belly breathing to lower heart rate.,1. Place one hand on chest and one on belly.,Time-Bound,Calming Breathwork,5.0,1.0,Free,Indoor/Outdoor,12.0,99.0,Yes,Structured micro-duration provides a clear cognitive focus anchor without executive function overload.,"Proprioceptive, Rhythm",Solo,Low,"Calm, Stress Relief, Focus","Anxious, Stressed, Overwhelmed",anytime,Micro-movements & Breathwork
,,2. Breathe in deeply ensuring only the belly rises for 4s.,,,,,,,,,,,,,,,,,
,,3. Exhale slowly through pursed lips for 6s.,,,,,,,,,,,,,,,,,
,,4. Focus on tactile warmth of your hands for 5 minutes.,,,,,,,,,,,,,,,,,
Bellows Vitality Pump - Protocol #297,Rhythmic rapid abdominal pumping to elevate alertness and focus.,1. Sit upright with extended spine.,Time-Bound,Energizing Breathwork,5.0,1.0,Free,Indoor/Outdoor,12.0,99.0,Yes,Structured micro-duration provides a clear cognitive focus anchor without executive function overload.,"Proprioceptive, Rhythm",Solo,Moderate,"Calm, Stress Relief, Focus","Anxious, Stressed, Overwhelmed",anytime,Micro-movements & Breathwork
,,2. Take rapid rhythmic inhales and exhales through nose at 1-second cadence.,,,,,,,,,,,,,,,,,
,,3. Keep chest steady while belly pumps aggressively.,,,,,,,,,,,,,,,,,
,,4. Perform 3 sets of 30 seconds with 15s calm recovery between sets for 5 minutes.,,,,,,,,,,,,,,,,,
Somatic Tremor Shakeout (Variation #298),Vigorous full-body shaking to discharge nervous system tension.,1. Stand with feet shoulder-width apart.,Time-Bound,Therapeutic & Somatic Micro-Movements,5.0,1.0,Free,Indoor/Outdoor,12.0,99.0,Yes,Structured micro-duration provides a clear cognitive focus anchor without executive function overload.,"Proprioceptive, Tactile",Solo,Moderate,"Mobility, Tension Release, Energy","Restless, Stiff, Lethargic",anytime,Micro-movements & Breathwork
,,2. Begin bouncing lightly on heels and shaking wrist joints.,,,,,,,,,,,,,,,,,
,,"3. Allow vibration to travel up shoulders, jaw, and torso.",,,,,,,,,,,,,,,,,
,,4. Shake continuously for 5 minutes to release trapped stress.,,,,,,,,,,,,,,,,,
Wrist & Forearm Tension Release (Variation #299),Stretches wrist flexors and extensors for keyboard users.,"1. Extend right arm forward, palm up.",Time-Bound,Desk Mobility & Joint Resets,5.0,1.0,Free,Indoor/Outdoor,12.0,99.0,Yes,Structured micro-duration provides a clear cognitive focus anchor without executive function overload.,"Proprioceptive, Tactile",Solo,Moderate,"Mobility, Tension Release, Energy","Restless, Stiff, Lethargic",anytime,Micro-movements & Breathwork
,,2. Pull fingers down with left hand gently for 30s.,,,,,,,,,,,,,,,,,
,,"3. Flip palm down, pull hand back toward wrist for 30s.",,,,,,,,,,,,,,,,,
,,4. Swap sides and repeat cycles for 5 minutes.,,,,,,,,,,,,,,,,,
Scientific Paper Abstract Review (Drill #300),Structured 5-minute active reading and comprehension exercise focused on scientific paper abstract review.,1. Select a brief passage focused on scientific paper abstract review.,Time-Bound,Mindful Reading & Cognitive Micro-Drills,5.0,1.0,Free,Indoor/Outdoor,12.0,99.0,Yes,Structured micro-duration provides a clear cognitive focus anchor without executive function overload.,"Visual, Cognitive",Solo,Low,"Focus, Comprehension, Mental Clarity","Seeking Focus, Distracted, Overwhelmed",anytime,Micro-movements & Breathwork
,,2. Read continuously with active visual tracking for 3 minutes.,,,,,,,,,,,,,,,,,
,,3. Annotate key concepts or write down 2 core summary takeaways.,,,,,,,,,,,,,,,,,
,,4. Conclude with 1 minute of mental consolidation and recall check.,,,,,,,,,,,,,,,,,
Vagus Nerve Ocean Inhale - Protocol #301,Slow rhythmic deep breathing targeting vagal tone stimulation.,1. Sit upright with soft shoulders.,Time-Bound,Calming Breathwork,5.0,1.0,Free,Indoor/Outdoor,12.0,99.0,Yes,Structured micro-duration provides a clear cognitive focus anchor without executive function overload.,"Proprioceptive, Rhythm",Solo,Low,"Calm, Stress Relief, Focus","Anxious, Stressed, Overwhelmed",anytime,Micro-movements & Breathwork
,,2. Inhale deeply into lower abdomen for 5s.,,,,,,,,,,,,,,,,,
,,3. Exhale slowly with a subtle back-of-throat hum for 5s.,,,,,,,,,,,,,,,,,
,,4. Repeat smoothly for 5 minutes.,,,,,,,,,,,,,,,,,
Bellows Vitality Pump - Protocol #302,Rhythmic rapid abdominal pumping to elevate alertness and focus.,1. Sit upright with extended spine.,Time-Bound,Energizing Breathwork,5.0,1.0,Free,Indoor/Outdoor,12.0,99.0,Yes,Structured micro-duration provides a clear cognitive focus anchor without executive function overload.,"Proprioceptive, Rhythm",Solo,Moderate,"Calm, Stress Relief, Focus","Anxious, Stressed, Overwhelmed",anytime,Micro-movements & Breathwork
,,2. Take rapid rhythmic inhales and exhales through nose at 1-second cadence.,,,,,,,,,,,,,,,,,
,,3. Keep chest steady while belly pumps aggressively.,,,,,,,,,,,,,,,,,
,,4. Perform 3 sets of 30 seconds with 15s calm recovery between sets for 5 minutes.,,,,,,,,,,,,,,,,,
Ocular Horizon Tracking (Variation #303),Horizontal ocular motility reset to reduce digital eye strain.,1. Hold thumb out at arm length.,Time-Bound,Therapeutic & Somatic Micro-Movements,5.0,1.0,Free,Indoor/Outdoor,12.0,99.0,Yes,Structured micro-duration provides a clear cognitive focus anchor without executive function overload.,"Proprioceptive, Tactile",Solo,Moderate,"Mobility, Tension Release, Energy","Restless, Stiff, Lethargic",anytime,Micro-movements & Breathwork
,,2. Move thumb slowly left to right while keeping head perfectly still.,,,,,,,,,,,,,,,,,
,,3. Follow thumb tip with eyes only.,,,,,,,,,,,,,,,,,
,,"4. Perform 10 sweeps, rest 10s, repeat for 5 minutes.",,,,,,,,,,,,,,,,,
Seated Thoracic Decompression (Variation #304),Extends stiff thoracic spine after prolonged sitting.,1. Sit at front edge of chair.,Time-Bound,Desk Mobility & Joint Resets,5.0,1.0,Free,Indoor/Outdoor,12.0,99.0,Yes,Structured micro-duration provides a clear cognitive focus anchor without executive function overload.,"Proprioceptive, Tactile",Solo,Moderate,"Mobility, Tension Release, Energy","Restless, Stiff, Lethargic",anytime,Micro-movements & Breathwork
,,"2. Interlace fingers behind head, elbows wide.",,,,,,,,,,,,,,,,,
,,3. Inhale and arch upper back over chair back.,,,,,,,,,,,,,,,,,
,,4. Exhale and gently round forward. Repeat 10 times across 5 minutes.,,,,,,,,,,,,,,,,,
Neuroscience Focus Drill (Drill #305),Structured 5-minute active reading and comprehension exercise focused on neuroscience focus drill.,1. Select a brief passage focused on neuroscience focus drill.,Time-Bound,Mindful Reading & Cognitive Micro-Drills,5.0,1.0,Free,Indoor/Outdoor,12.0,99.0,Yes,Structured micro-duration provides a clear cognitive focus anchor without executive function overload.,"Visual, Cognitive",Solo,Low,"Focus, Comprehension, Mental Clarity","Seeking Focus, Distracted, Overwhelmed",anytime,Micro-movements & Breathwork
,,2. Read continuously with active visual tracking for 3 minutes.,,,,,,,,,,,,,,,,,
,,3. Annotate key concepts or write down 2 core summary takeaways.,,,,,,,,,,,,,,,,,
,,4. Conclude with 1 minute of mental consolidation and recall check.,,,,,,,,,,,,,,,,,
Resonant Box Breath - Protocol #306,A balanced 4-4-4-4 rhythm to soothe the central nervous system.,1. Inhale through nose for 4 seconds.,Time-Bound,Calming Breathwork,5.0,1.0,Free,Indoor/Outdoor,12.0,99.0,Yes,Structured micro-duration provides a clear cognitive focus anchor without executive function overload.,"Proprioceptive, Rhythm",Solo,Low,"Calm, Stress Relief, Focus","Anxious, Stressed, Overwhelmed",anytime,Micro-movements & Breathwork
,,2. Hold breath for 4 seconds.,,,,,,,,,,,,,,,,,
,,3. Exhale through mouth for 4 seconds.,,,,,,,,,,,,,,,,,
,,4. Hold empty for 4 seconds. Repeat for 5 minutes.,,,,,,,,,,,,,,,,,
Sun Channel Activation - Protocol #307,Right nostril breath control to spark focus and metabolic energy.,1. Block left nostril gently with ring finger.,Time-Bound,Energizing Breathwork,5.0,1.0,Free,Indoor/Outdoor,12.0,99.0,Yes,Structured micro-duration provides a clear cognitive focus anchor without executive function overload.,"Proprioceptive, Rhythm",Solo,Moderate,"Calm, Stress Relief, Focus","Anxious, Stressed, Overwhelmed",anytime,Micro-movements & Breathwork
,,2. Inhale deeply through right nostril for 4s.,,,,,,,,,,,,,,,,,
,,3. Exhale through right nostril for 4s.,,,,,,,,,,,,,,,,,
,,4. Maintain rhythmic right-channel breathing for 5 minutes.,,,,,,,,,,,,,,,,,
Somatic Tremor Shakeout (Variation #308),Vigorous full-body shaking to discharge nervous system tension.,1. Stand with feet shoulder-width apart.,Time-Bound,Therapeutic & Somatic Micro-Movements,5.0,1.0,Free,Indoor/Outdoor,12.0,99.0,Yes,Structured micro-duration provides a clear cognitive focus anchor without executive function overload.,"Proprioceptive, Tactile",Solo,Moderate,"Mobility, Tension Release, Energy","Restless, Stiff, Lethargic",anytime,Micro-movements & Breathwork
,,2. Begin bouncing lightly on heels and shaking wrist joints.,,,,,,,,,,,,,,,,,
,,"3. Allow vibration to travel up shoulders, jaw, and torso.",,,,,,,,,,,,,,,,,
,,4. Shake continuously for 5 minutes to release trapped stress.,,,,,,,,,,,,,,,,,
Cervical Spine Glide Routine (Variation #309),Gentle cervical retractions to relieve tech-neck tightness.,1. Sit tall with chin parallel to floor.,Time-Bound,Desk Mobility & Joint Resets,5.0,1.0,Free,Indoor/Outdoor,12.0,99.0,Yes,Structured micro-duration provides a clear cognitive focus anchor without executive function overload.,"Proprioceptive, Tactile",Solo,Moderate,"Mobility, Tension Release, Energy","Restless, Stiff, Lethargic",anytime,Micro-movements & Breathwork
,,2. Glide chin straight back creating a double chin.,,,,,,,,,,,,,,,,,
,,"3. Hold 3 seconds, release forward smoothly.",,,,,,,,,,,,,,,,,
,,"4. Perform 12 reps, 3 sets across 5 minutes.",,,,,,,,,,,,,,,,,
Creative Prose Speed Analysis (Drill #310),Structured 5-minute active reading and comprehension exercise focused on creative prose speed analysis.,1. Select a brief passage focused on creative prose speed analysis.,Time-Bound,Mindful Reading & Cognitive Micro-Drills,5.0,1.0,Free,Indoor/Outdoor,12.0,99.0,Yes,Structured micro-duration provides a clear cognitive focus anchor without executive function overload.,"Visual, Cognitive",Solo,Low,"Focus, Comprehension, Mental Clarity","Seeking Focus, Distracted, Overwhelmed",anytime,Micro-movements & Breathwork
,,2. Read continuously with active visual tracking for 3 minutes.,,,,,,,,,,,,,,,,,
,,3. Annotate key concepts or write down 2 core summary takeaways.,,,,,,,,,,,,,,,,,
,,4. Conclude with 1 minute of mental consolidation and recall check.,,,,,,,,,,,,,,,,,
Vagus Nerve Ocean Inhale - Protocol #311,Slow rhythmic deep breathing targeting vagal tone stimulation.,1. Sit upright with soft shoulders.,Time-Bound,Calming Breathwork,5.0,1.0,Free,Indoor/Outdoor,12.0,99.0,Yes,Structured micro-duration provides a clear cognitive focus anchor without executive function overload.,"Proprioceptive, Rhythm",Solo,Low,"Calm, Stress Relief, Focus","Anxious, Stressed, Overwhelmed",anytime,Micro-movements & Breathwork
,,2. Inhale deeply into lower abdomen for 5s.,,,,,,,,,,,,,,,,,
,,3. Exhale slowly with a subtle back-of-throat hum for 5s.,,,,,,,,,,,,,,,,,
,,4. Repeat smoothly for 5 minutes.,,,,,,,,,,,,,,,,,
Sun Channel Activation - Protocol #312,Right nostril breath control to spark focus and metabolic energy.,1. Block left nostril gently with ring finger.,Time-Bound,Energizing Breathwork,5.0,1.0,Free,Indoor/Outdoor,12.0,99.0,Yes,Structured micro-duration provides a clear cognitive focus anchor without executive function overload.,"Proprioceptive, Rhythm",Solo,Moderate,"Calm, Stress Relief, Focus","Anxious, Stressed, Overwhelmed",anytime,Micro-movements & Breathwork
,,2. Inhale deeply through right nostril for 4s.,,,,,,,,,,,,,,,,,
,,3. Exhale through right nostril for 4s.,,,,,,,,,,,,,,,,,
,,4. Maintain rhythmic right-channel breathing for 5 minutes.,,,,,,,,,,,,,,,,,
Ocular Horizon Tracking (Variation #313),Horizontal ocular motility reset to reduce digital eye strain.,1. Hold thumb out at arm length.,Time-Bound,Therapeutic & Somatic Micro-Movements,5.0,1.0,Free,Indoor/Outdoor,12.0,99.0,Yes,Structured micro-duration provides a clear cognitive focus anchor without executive function overload.,"Proprioceptive, Tactile",Solo,Moderate,"Mobility, Tension Release, Energy","Restless, Stiff, Lethargic",anytime,Micro-movements & Breathwork
,,2. Move thumb slowly left to right while keeping head perfectly still.,,,,,,,,,,,,,,,,,
,,3. Follow thumb tip with eyes only.,,,,,,,,,,,,,,,,,
,,"4. Perform 10 sweeps, rest 10s, repeat for 5 minutes.",,,,,,,,,,,,,,,,,
Seated Thoracic Decompression (Variation #314),Extends stiff thoracic spine after prolonged sitting.,1. Sit at front edge of chair.,Time-Bound,Desk Mobility & Joint Resets,5.0,1.0,Free,Indoor/Outdoor,12.0,99.0,Yes,Structured micro-duration provides a clear cognitive focus anchor without executive function overload.,"Proprioceptive, Tactile",Solo,Moderate,"Mobility, Tension Release, Energy","Restless, Stiff, Lethargic",anytime,Micro-movements & Breathwork
,,"2. Interlace fingers behind head, elbows wide.",,,,,,,,,,,,,,,,,
,,3. Inhale and arch upper back over chair back.,,,,,,,,,,,,,,,,,
,,4. Exhale and gently round forward. Repeat 10 times across 5 minutes.,,,,,,,,,,,,,,,,,
Stoic Maxims Comprehension (Drill #315),Structured 5-minute active reading and comprehension exercise focused on stoic maxims comprehension.,1. Select a brief passage focused on stoic maxims comprehension.,Time-Bound,Mindful Reading & Cognitive Micro-Drills,5.0,1.0,Free,Indoor/Outdoor,12.0,99.0,Yes,Structured micro-duration provides a clear cognitive focus anchor without executive function overload.,"Visual, Cognitive",Solo,Low,"Focus, Comprehension, Mental Clarity","Seeking Focus, Distracted, Overwhelmed",anytime,Micro-movements & Breathwork
,,2. Read continuously with active visual tracking for 3 minutes.,,,,,,,,,,,,,,,,,
,,3. Annotate key concepts or write down 2 core summary takeaways.,,,,,,,,,,,,,,,,,
,,4. Conclude with 1 minute of mental consolidation and recall check.,,,,,,,,,,,,,,,,,
Diaphragmatic Belly Anchor - Protocol #316,Deep grounding belly breathing to lower heart rate.,1. Place one hand on chest and one on belly.,Time-Bound,Calming Breathwork,5.0,1.0,Free,Indoor/Outdoor,12.0,99.0,Yes,Structured micro-duration provides a clear cognitive focus anchor without executive function overload.,"Proprioceptive, Rhythm",Solo,Low,"Calm, Stress Relief, Focus","Anxious, Stressed, Overwhelmed",anytime,Micro-movements & Breathwork
,,2. Breathe in deeply ensuring only the belly rises for 4s.,,,,,,,,,,,,,,,,,
,,3. Exhale slowly through pursed lips for 6s.,,,,,,,,,,,,,,,,,
,,4. Focus on tactile warmth of your hands for 5 minutes.,,,,,,,,,,,,,,,,,
Segmented Morning Inhale - Protocol #317,Staccato three-part inhale to clear brain fog instantly.,1. Take short inhale step 1 into belly.,Time-Bound,Energizing Breathwork,5.0,1.0,Free,Indoor/Outdoor,12.0,99.0,Yes,Structured micro-duration provides a clear cognitive focus anchor without executive function overload.,"Proprioceptive, Rhythm",Solo,Moderate,"Calm, Stress Relief, Focus","Anxious, Stressed, Overwhelmed",anytime,Micro-movements & Breathwork
,,2. Take short inhale step 2 into chest.,,,,,,,,,,,,,,,,,
,,3. Take short inhale step 3 into collarbones.,,,,,,,,,,,,,,,,,
,,4. Exhale smooth and unforced. Repeat for 5 minutes.,,,,,,,,,,,,,,,,,
Somatic Tremor Shakeout (Variation #318),Vigorous full-body shaking to discharge nervous system tension.,1. Stand with feet shoulder-width apart.,Time-Bound,Therapeutic & Somatic Micro-Movements,5.0,1.0,Free,Indoor/Outdoor,12.0,99.0,Yes,Structured micro-duration provides a clear cognitive focus anchor without executive function overload.,"Proprioceptive, Tactile",Solo,Moderate,"Mobility, Tension Release, Energy","Restless, Stiff, Lethargic",anytime,Micro-movements & Breathwork
,,2. Begin bouncing lightly on heels and shaking wrist joints.,,,,,,,,,,,,,,,,,
,,"3. Allow vibration to travel up shoulders, jaw, and torso.",,,,,,,,,,,,,,,,,
,,4. Shake continuously for 5 minutes to release trapped stress.,,,,,,,,,,,,,,,,,
Wrist & Forearm Tension Release (Variation #319),Stretches wrist flexors and extensors for keyboard users.,"1. Extend right arm forward, palm up.",Time-Bound,Desk Mobility & Joint Resets,5.0,1.0,Free,Indoor/Outdoor,12.0,99.0,Yes,Structured micro-duration provides a clear cognitive focus anchor without executive function overload.,"Proprioceptive, Tactile",Solo,Moderate,"Mobility, Tension Release, Energy","Restless, Stiff, Lethargic",anytime,Micro-movements & Breathwork
,,2. Pull fingers down with left hand gently for 30s.,,,,,,,,,,,,,,,,,
,,"3. Flip palm down, pull hand back toward wrist for 30s.",,,,,,,,,,,,,,,,,
,,4. Swap sides and repeat cycles for 5 minutes.,,,,,,,,,,,,,,,,,
Technical Synthesis Reading (Drill #320),Structured 5-minute active reading and comprehension exercise focused on technical synthesis reading.,1. Select a brief passage focused on technical synthesis reading.,Time-Bound,Mindful Reading & Cognitive Micro-Drills,5.0,1.0,Free,Indoor/Outdoor,12.0,99.0,Yes,Structured micro-duration provides a clear cognitive focus anchor without executive function overload.,"Visual, Cognitive",Solo,Low,"Focus, Comprehension, Mental Clarity","Seeking Focus, Distracted, Overwhelmed",anytime,Micro-movements & Breathwork
,,2. Read continuously with active visual tracking for 3 minutes.,,,,,,,,,,,,,,,,,
,,3. Annotate key concepts or write down 2 core summary takeaways.,,,,,,,,,,,,,,,,,
,,4. Conclude with 1 minute of mental consolidation and recall check.,,,,,,,,,,,,,,,,,
Diaphragmatic Belly Anchor - Protocol #321,Deep grounding belly breathing to lower heart rate.,1. Place one hand on chest and one on belly.,Time-Bound,Calming Breathwork,5.0,1.0,Free,Indoor/Outdoor,12.0,99.0,Yes,Structured micro-duration provides a clear cognitive focus anchor without executive function overload.,"Proprioceptive, Rhythm",Solo,Low,"Calm, Stress Relief, Focus","Anxious, Stressed, Overwhelmed",anytime,Micro-movements & Breathwork
,,2. Breathe in deeply ensuring only the belly rises for 4s.,,,,,,,,,,,,,,,,,
,,3. Exhale slowly through pursed lips for 6s.,,,,,,,,,,,,,,,,,
,,4. Focus on tactile warmth of your hands for 5 minutes.,,,,,,,,,,,,,,,,,
Segmented Morning Inhale - Protocol #322,Staccato three-part inhale to clear brain fog instantly.,1. Take short inhale step 1 into belly.,Time-Bound,Energizing Breathwork,5.0,1.0,Free,Indoor/Outdoor,12.0,99.0,Yes,Structured micro-duration provides a clear cognitive focus anchor without executive function overload.,"Proprioceptive, Rhythm",Solo,Moderate,"Calm, Stress Relief, Focus","Anxious, Stressed, Overwhelmed",anytime,Micro-movements & Breathwork
,,2. Take short inhale step 2 into chest.,,,,,,,,,,,,,,,,,
,,3. Take short inhale step 3 into collarbones.,,,,,,,,,,,,,,,,,
,,4. Exhale smooth and unforced. Repeat for 5 minutes.,,,,,,,,,,,,,,,,,
Somatic Tremor Shakeout (Variation #323),Vigorous full-body shaking to discharge nervous system tension.,1. Stand with feet shoulder-width apart.,Time-Bound,Therapeutic & Somatic Micro-Movements,5.0,1.0,Free,Indoor/Outdoor,12.0,99.0,Yes,Structured micro-duration provides a clear cognitive focus anchor without executive function overload.,"Proprioceptive, Tactile",Solo,Moderate,"Mobility, Tension Release, Energy","Restless, Stiff, Lethargic",anytime,Micro-movements & Breathwork
,,2. Begin bouncing lightly on heels and shaking wrist joints.,,,,,,,,,,,,,,,,,
,,"3. Allow vibration to travel up shoulders, jaw, and torso.",,,,,,,,,,,,,,,,,
,,4. Shake continuously for 5 minutes to release trapped stress.,,,,,,,,,,,,,,,,,
Wrist & Forearm Tension Release (Variation #324),Stretches wrist flexors and extensors for keyboard users.,"1. Extend right arm forward, palm up.",Time-Bound,Desk Mobility & Joint Resets,5.0,1.0,Free,Indoor/Outdoor,12.0,99.0,Yes,Structured micro-duration provides a clear cognitive focus anchor without executive function overload.,"Proprioceptive, Tactile",Solo,Moderate,"Mobility, Tension Release, Energy","Restless, Stiff, Lethargic",anytime,Micro-movements & Breathwork
,,2. Pull fingers down with left hand gently for 30s.,,,,,,,,,,,,,,,,,
,,"3. Flip palm down, pull hand back toward wrist for 30s.",,,,,,,,,,,,,,,,,
,,4. Swap sides and repeat cycles for 5 minutes.,,,,,,,,,,,,,,,,,
Productivity Essay Deep-Dive (Drill #325),Structured 5-minute active reading and comprehension exercise focused on productivity essay deep-dive.,1. Select a brief passage focused on productivity essay deep-dive.,Time-Bound,Mindful Reading & Cognitive Micro-Drills,5.0,1.0,Free,Indoor/Outdoor,12.0,99.0,Yes,Structured micro-duration provides a clear cognitive focus anchor without executive function overload.,"Visual, Cognitive",Solo,Low,"Focus, Comprehension, Mental Clarity","Seeking Focus, Distracted, Overwhelmed",anytime,Micro-movements & Breathwork
,,2. Read continuously with active visual tracking for 3 minutes.,,,,,,,,,,,,,,,,,
,,3. Annotate key concepts or write down 2 core summary takeaways.,,,,,,,,,,,,,,,,,
,,4. Conclude with 1 minute of mental consolidation and recall check.,,,,,,,,,,,,,,,,,
Diaphragmatic Belly Anchor - Protocol #326,Deep grounding belly breathing to lower heart rate.,1. Place one hand on chest and one on belly.,Time-Bound,Calming Breathwork,5.0,1.0,Free,Indoor/Outdoor,12.0,99.0,Yes,Structured micro-duration provides a clear cognitive focus anchor without executive function overload.,"Proprioceptive, Rhythm",Solo,Low,"Calm, Stress Relief, Focus","Anxious, Stressed, Overwhelmed",anytime,Micro-movements & Breathwork
,,2. Breathe in deeply ensuring only the belly rises for 4s.,,,,,,,,,,,,,,,,,
,,3. Exhale slowly through pursed lips for 6s.,,,,,,,,,,,,,,,,,
,,4. Focus on tactile warmth of your hands for 5 minutes.,,,,,,,,,,,,,,,,,
Bellows Vitality Pump - Protocol #327,Rhythmic rapid abdominal pumping to elevate alertness and focus.,1. Sit upright with extended spine.,Time-Bound,Energizing Breathwork,5.0,1.0,Free,Indoor/Outdoor,12.0,99.0,Yes,Structured micro-duration provides a clear cognitive focus anchor without executive function overload.,"Proprioceptive, Rhythm",Solo,Moderate,"Calm, Stress Relief, Focus","Anxious, Stressed, Overwhelmed",anytime,Micro-movements & Breathwork
,,2. Take rapid rhythmic inhales and exhales through nose at 1-second cadence.,,,,,,,,,,,,,,,,,
,,3. Keep chest steady while belly pumps aggressively.,,,,,,,,,,,,,,,,,
,,4. Perform 3 sets of 30 seconds with 15s calm recovery between sets for 5 minutes.,,,,,,,,,,,,,,,,,
Somatic Tremor Shakeout (Variation #328),Vigorous full-body shaking to discharge nervous system tension.,1. Stand with feet shoulder-width apart.,Time-Bound,Therapeutic & Somatic Micro-Movements,5.0,1.0,Free,Indoor/Outdoor,12.0,99.0,Yes,Structured micro-duration provides a clear cognitive focus anchor without executive function overload.,"Proprioceptive, Tactile",Solo,Moderate,"Mobility, Tension Release, Energy","Restless, Stiff, Lethargic",anytime,Micro-movements & Breathwork
,,2. Begin bouncing lightly on heels and shaking wrist joints.,,,,,,,,,,,,,,,,,
,,"3. Allow vibration to travel up shoulders, jaw, and torso.",,,,,,,,,,,,,,,,,
,,4. Shake continuously for 5 minutes to release trapped stress.,,,,,,,,,,,,,,,,,
Cervical Spine Glide Routine (Variation #329),Gentle cervical retractions to relieve tech-neck tightness.,1. Sit tall with chin parallel to floor.,Time-Bound,Desk Mobility & Joint Resets,5.0,1.0,Free,Indoor/Outdoor,12.0,99.0,Yes,Structured micro-duration provides a clear cognitive focus anchor without executive function overload.,"Proprioceptive, Tactile",Solo,Moderate,"Mobility, Tension Release, Energy","Restless, Stiff, Lethargic",anytime,Micro-movements & Breathwork
,,2. Glide chin straight back creating a double chin.,,,,,,,,,,,,,,,,,
,,"3. Hold 3 seconds, release forward smoothly.",,,,,,,,,,,,,,,,,
,,"4. Perform 12 reps, 3 sets across 5 minutes.",,,,,,,,,,,,,,,,,
Neuroscience Focus Drill (Drill #330),Structured 5-minute active reading and comprehension exercise focused on neuroscience focus drill.,1. Select a brief passage focused on neuroscience focus drill.,Time-Bound,Mindful Reading & Cognitive Micro-Drills,5.0,1.0,Free,Indoor/Outdoor,12.0,99.0,Yes,Structured micro-duration provides a clear cognitive focus anchor without executive function overload.,"Visual, Cognitive",Solo,Low,"Focus, Comprehension, Mental Clarity","Seeking Focus, Distracted, Overwhelmed",anytime,Micro-movements & Breathwork
,,2. Read continuously with active visual tracking for 3 minutes.,,,,,,,,,,,,,,,,,
,,3. Annotate key concepts or write down 2 core summary takeaways.,,,,,,,,,,,,,,,,,
,,4. Conclude with 1 minute of mental consolidation and recall check.,,,,,,,,,,,,,,,,,
Vagus Nerve Ocean Inhale - Protocol #331,Slow rhythmic deep breathing targeting vagal tone stimulation.,1. Sit upright with soft shoulders.,Time-Bound,Calming Breathwork,5.0,1.0,Free,Indoor/Outdoor,12.0,99.0,Yes,Structured micro-duration provides a clear cognitive focus anchor without executive function overload.,"Proprioceptive, Rhythm",Solo,Low,"Calm, Stress Relief, Focus","Anxious, Stressed, Overwhelmed",anytime,Micro-movements & Breathwork
,,2. Inhale deeply into lower abdomen for 5s.,,,,,,,,,,,,,,,,,
,,3. Exhale slowly with a subtle back-of-throat hum for 5s.,,,,,,,,,,,,,,,,,
,,4. Repeat smoothly for 5 minutes.,,,,,,,,,,,,,,,,,
Sun Channel Activation - Protocol #332,Right nostril breath control to spark focus and metabolic energy.,1. Block left nostril gently with ring finger.,Time-Bound,Energizing Breathwork,5.0,1.0,Free,Indoor/Outdoor,12.0,99.0,Yes,Structured micro-duration provides a clear cognitive focus anchor without executive function overload.,"Proprioceptive, Rhythm",Solo,Moderate,"Calm, Stress Relief, Focus","Anxious, Stressed, Overwhelmed",anytime,Micro-movements & Breathwork
,,2. Inhale deeply through right nostril for 4s.,,,,,,,,,,,,,,,,,
,,3. Exhale through right nostril for 4s.,,,,,,,,,,,,,,,,,
,,4. Maintain rhythmic right-channel breathing for 5 minutes.,,,,,,,,,,,,,,,,,
Pragmatic Grounding Tap (Variation #333),Rhythmic body tapping protocol to re-anchor spatial awareness.,1. Tap upper chest gently with fingertips for 60s.,Time-Bound,Therapeutic & Somatic Micro-Movements,5.0,1.0,Free,Indoor/Outdoor,12.0,99.0,Yes,Structured micro-duration provides a clear cognitive focus anchor without executive function overload.,"Proprioceptive, Tactile",Solo,Moderate,"Mobility, Tension Release, Energy","Restless, Stiff, Lethargic",anytime,Micro-movements & Breathwork
,,"2. Tap down arms, belly, thighs, and calves sequentially.",,,,,,,,,,,,,,,,,
,,3. Focus on tactile feedback and temperature.,,,,,,,,,,,,,,,,,
,,4. Repeat full-body rhythm 3 times across 5 minutes.,,,,,,,,,,,,,,,,,
Seated Thoracic Decompression (Variation #334),Extends stiff thoracic spine after prolonged sitting.,1. Sit at front edge of chair.,Time-Bound,Desk Mobility & Joint Resets,5.0,1.0,Free,Indoor/Outdoor,12.0,99.0,Yes,Structured micro-duration provides a clear cognitive focus anchor without executive function overload.,"Proprioceptive, Tactile",Solo,Moderate,"Mobility, Tension Release, Energy","Restless, Stiff, Lethargic",anytime,Micro-movements & Breathwork
,,"2. Interlace fingers behind head, elbows wide.",,,,,,,,,,,,,,,,,
,,3. Inhale and arch upper back over chair back.,,,,,,,,,,,,,,,,,
,,4. Exhale and gently round forward. Repeat 10 times across 5 minutes.,,,,,,,,,,,,,,,,,
Neuroscience Focus Drill (Drill #335),Structured 5-minute active reading and comprehension exercise focused on neuroscience focus drill.,1. Select a brief passage focused on neuroscience focus drill.,Time-Bound,Mindful Reading & Cognitive Micro-Drills,5.0,1.0,Free,Indoor/Outdoor,12.0,99.0,Yes,Structured micro-duration provides a clear cognitive focus anchor without executive function overload.,"Visual, Cognitive",Solo,Low,"Focus, Comprehension, Mental Clarity","Seeking Focus, Distracted, Overwhelmed",anytime,Micro-movements & Breathwork
,,2. Read continuously with active visual tracking for 3 minutes.,,,,,,,,,,,,,,,,,
,,3. Annotate key concepts or write down 2 core summary takeaways.,,,,,,,,,,,,,,,,,
,,4. Conclude with 1 minute of mental consolidation and recall check.,,,,,,,,,,,,,,,,,
Vagus Nerve Ocean Inhale - Protocol #336,Slow rhythmic deep breathing targeting vagal tone stimulation.,1. Sit upright with soft shoulders.,Time-Bound,Calming Breathwork,5.0,1.0,Free,Indoor/Outdoor,12.0,99.0,Yes,Structured micro-duration provides a clear cognitive focus anchor without executive function overload.,"Proprioceptive, Rhythm",Solo,Low,"Calm, Stress Relief, Focus","Anxious, Stressed, Overwhelmed",anytime,Micro-movements & Breathwork
,,2. Inhale deeply into lower abdomen for 5s.,,,,,,,,,,,,,,,,,
,,3. Exhale slowly with a subtle back-of-throat hum for 5s.,,,,,,,,,,,,,,,,,
,,4. Repeat smoothly for 5 minutes.,,,,,,,,,,,,,,,,,
Segmented Morning Inhale - Protocol #337,Staccato three-part inhale to clear brain fog instantly.,1. Take short inhale step 1 into belly.,Time-Bound,Energizing Breathwork,5.0,1.0,Free,Indoor/Outdoor,12.0,99.0,Yes,Structured micro-duration provides a clear cognitive focus anchor without executive function overload.,"Proprioceptive, Rhythm",Solo,Moderate,"Calm, Stress Relief, Focus","Anxious, Stressed, Overwhelmed",anytime,Micro-movements & Breathwork
,,2. Take short inhale step 2 into chest.,,,,,,,,,,,,,,,,,
,,3. Take short inhale step 3 into collarbones.,,,,,,,,,,,,,,,,,
,,4. Exhale smooth and unforced. Repeat for 5 minutes.,,,,,,,,,,,,,,,,,
Pragmatic Grounding Tap (Variation #338),Rhythmic body tapping protocol to re-anchor spatial awareness.,1. Tap upper chest gently with fingertips for 60s.,Time-Bound,Therapeutic & Somatic Micro-Movements,5.0,1.0,Free,Indoor/Outdoor,12.0,99.0,Yes,Structured micro-duration provides a clear cognitive focus anchor without executive function overload.,"Proprioceptive, Tactile",Solo,Moderate,"Mobility, Tension Release, Energy","Restless, Stiff, Lethargic",anytime,Micro-movements & Breathwork
,,"2. Tap down arms, belly, thighs, and calves sequentially.",,,,,,,,,,,,,,,,,
,,3. Focus on tactile feedback and temperature.,,,,,,,,,,,,,,,,,
,,4. Repeat full-body rhythm 3 times across 5 minutes.,,,,,,,,,,,,,,,,,
Seated Thoracic Decompression (Variation #339),Extends stiff thoracic spine after prolonged sitting.,1. Sit at front edge of chair.,Time-Bound,Desk Mobility & Joint Resets,5.0,1.0,Free,Indoor/Outdoor,12.0,99.0,Yes,Structured micro-duration provides a clear cognitive focus anchor without executive function overload.,"Proprioceptive, Tactile",Solo,Moderate,"Mobility, Tension Release, Energy","Restless, Stiff, Lethargic",anytime,Micro-movements & Breathwork
,,"2. Interlace fingers behind head, elbows wide.",,,,,,,,,,,,,,,,,
,,3. Inhale and arch upper back over chair back.,,,,,,,,,,,,,,,,,
,,4. Exhale and gently round forward. Repeat 10 times across 5 minutes.,,,,,,,,,,,,,,,,,
Scientific Paper Abstract Review (Drill #340),Structured 5-minute active reading and comprehension exercise focused on scientific paper abstract review.,1. Select a brief passage focused on scientific paper abstract review.,Time-Bound,Mindful Reading & Cognitive Micro-Drills,5.0,1.0,Free,Indoor/Outdoor,12.0,99.0,Yes,Structured micro-duration provides a clear cognitive focus anchor without executive function overload.,"Visual, Cognitive",Solo,Low,"Focus, Comprehension, Mental Clarity","Seeking Focus, Distracted, Overwhelmed",anytime,Micro-movements & Breathwork
,,2. Read continuously with active visual tracking for 3 minutes.,,,,,,,,,,,,,,,,,
,,3. Annotate key concepts or write down 2 core summary takeaways.,,,,,,,,,,,,,,,,,
,,4. Conclude with 1 minute of mental consolidation and recall check.,,,,,,,,,,,,,,,,,
Diaphragmatic Belly Anchor - Protocol #341,Deep grounding belly breathing to lower heart rate.,1. Place one hand on chest and one on belly.,Time-Bound,Calming Breathwork,5.0,1.0,Free,Indoor/Outdoor,12.0,99.0,Yes,Structured micro-duration provides a clear cognitive focus anchor without executive function overload.,"Proprioceptive, Rhythm",Solo,Low,"Calm, Stress Relief, Focus","Anxious, Stressed, Overwhelmed",anytime,Micro-movements & Breathwork
,,2. Breathe in deeply ensuring only the belly rises for 4s.,,,,,,,,,,,,,,,,,
,,3. Exhale slowly through pursed lips for 6s.,,,,,,,,,,,,,,,,,
,,4. Focus on tactile warmth of your hands for 5 minutes.,,,,,,,,,,,,,,,,,
Sun Channel Activation - Protocol #342,Right nostril breath control to spark focus and metabolic energy.,1. Block left nostril gently with ring finger.,Time-Bound,Energizing Breathwork,5.0,1.0,Free,Indoor/Outdoor,12.0,99.0,Yes,Structured micro-duration provides a clear cognitive focus anchor without executive function overload.,"Proprioceptive, Rhythm",Solo,Moderate,"Calm, Stress Relief, Focus","Anxious, Stressed, Overwhelmed",anytime,Micro-movements & Breathwork
,,2. Inhale deeply through right nostril for 4s.,,,,,,,,,,,,,,,,,
,,3. Exhale through right nostril for 4s.,,,,,,,,,,,,,,,,,
,,4. Maintain rhythmic right-channel breathing for 5 minutes.,,,,,,,,,,,,,,,,,
Ocular Horizon Tracking (Variation #343),Horizontal ocular motility reset to reduce digital eye strain.,1. Hold thumb out at arm length.,Time-Bound,Therapeutic & Somatic Micro-Movements,5.0,1.0,Free,Indoor/Outdoor,12.0,99.0,Yes,Structured micro-duration provides a clear cognitive focus anchor without executive function overload.,"Proprioceptive, Tactile",Solo,Moderate,"Mobility, Tension Release, Energy","Restless, Stiff, Lethargic",anytime,Micro-movements & Breathwork
,,2. Move thumb slowly left to right while keeping head perfectly still.,,,,,,,,,,,,,,,,,
,,3. Follow thumb tip with eyes only.,,,,,,,,,,,,,,,,,
,,"4. Perform 10 sweeps, rest 10s, repeat for 5 minutes.",,,,,,,,,,,,,,,,,
Wrist & Forearm Tension Release (Variation #344),Stretches wrist flexors and extensors for keyboard users.,"1. Extend right arm forward, palm up.",Time-Bound,Desk Mobility & Joint Resets,5.0,1.0,Free,Indoor/Outdoor,12.0,99.0,Yes,Structured micro-duration provides a clear cognitive focus anchor without executive function overload.,"Proprioceptive, Tactile",Solo,Moderate,"Mobility, Tension Release, Energy","Restless, Stiff, Lethargic",anytime,Micro-movements & Breathwork
,,2. Pull fingers down with left hand gently for 30s.,,,,,,,,,,,,,,,,,
,,"3. Flip palm down, pull hand back toward wrist for 30s.",,,,,,,,,,,,,,,,,
,,4. Swap sides and repeat cycles for 5 minutes.,,,,,,,,,,,,,,,,,
Wisdom Literature Reflection (Drill #345),Structured 5-minute active reading and comprehension exercise focused on wisdom literature reflection.,1. Select a brief passage focused on wisdom literature reflection.,Time-Bound,Mindful Reading & Cognitive Micro-Drills,5.0,1.0,Free,Indoor/Outdoor,12.0,99.0,Yes,Structured micro-duration provides a clear cognitive focus anchor without executive function overload.,"Visual, Cognitive",Solo,Low,"Focus, Comprehension, Mental Clarity","Seeking Focus, Distracted, Overwhelmed",anytime,Micro-movements & Breathwork
,,2. Read continuously with active visual tracking for 3 minutes.,,,,,,,,,,,,,,,,,
,,3. Annotate key concepts or write down 2 core summary takeaways.,,,,,,,,,,,,,,,,,
,,4. Conclude with 1 minute of mental consolidation and recall check.,,,,,,,,,,,,,,,,,
Diaphragmatic Belly Anchor - Protocol #346,Deep grounding belly breathing to lower heart rate.,1. Place one hand on chest and one on belly.,Time-Bound,Calming Breathwork,5.0,1.0,Free,Indoor/Outdoor,12.0,99.0,Yes,Structured micro-duration provides a clear cognitive focus anchor without executive function overload.,"Proprioceptive, Rhythm",Solo,Low,"Calm, Stress Relief, Focus","Anxious, Stressed, Overwhelmed",anytime,Micro-movements & Breathwork
,,2. Breathe in deeply ensuring only the belly rises for 4s.,,,,,,,,,,,,,,,,,
,,3. Exhale slowly through pursed lips for 6s.,,,,,,,,,,,,,,,,,
,,4. Focus on tactile warmth of your hands for 5 minutes.,,,,,,,,,,,,,,,,,
Sun Channel Activation - Protocol #347,Right nostril breath control to spark focus and metabolic energy.,1. Block left nostril gently with ring finger.,Time-Bound,Energizing Breathwork,5.0,1.0,Free,Indoor/Outdoor,12.0,99.0,Yes,Structured micro-duration provides a clear cognitive focus anchor without executive function overload.,"Proprioceptive, Rhythm",Solo,Moderate,"Calm, Stress Relief, Focus","Anxious, Stressed, Overwhelmed",anytime,Micro-movements & Breathwork
,,2. Inhale deeply through right nostril for 4s.,,,,,,,,,,,,,,,,,
,,3. Exhale through right nostril for 4s.,,,,,,,,,,,,,,,,,
,,4. Maintain rhythmic right-channel breathing for 5 minutes.,,,,,,,,,,,,,,,,,
Somatic Tremor Shakeout (Variation #348),Vigorous full-body shaking to discharge nervous system tension.,1. Stand with feet shoulder-width apart.,Time-Bound,Therapeutic & Somatic Micro-Movements,5.0,1.0,Free,Indoor/Outdoor,12.0,99.0,Yes,Structured micro-duration provides a clear cognitive focus anchor without executive function overload.,"Proprioceptive, Tactile",Solo,Moderate,"Mobility, Tension Release, Energy","Restless, Stiff, Lethargic",anytime,Micro-movements & Breathwork
,,2. Begin bouncing lightly on heels and shaking wrist joints.,,,,,,,,,,,,,,,,,
,,"3. Allow vibration to travel up shoulders, jaw, and torso.",,,,,,,,,,,,,,,,,
,,4. Shake continuously for 5 minutes to release trapped stress.,,,,,,,,,,,,,,,,,
Seated Thoracic Decompression (Variation #349),Extends stiff thoracic spine after prolonged sitting.,1. Sit at front edge of chair.,Time-Bound,Desk Mobility & Joint Resets,5.0,1.0,Free,Indoor/Outdoor,12.0,99.0,Yes,Structured micro-duration provides a clear cognitive focus anchor without executive function overload.,"Proprioceptive, Tactile",Solo,Moderate,"Mobility, Tension Release, Energy","Restless, Stiff, Lethargic",anytime,Micro-movements & Breathwork
,,"2. Interlace fingers behind head, elbows wide.",,,,,,,,,,,,,,,,,
,,3. Inhale and arch upper back over chair back.,,,,,,,,,,,,,,,,,
,,4. Exhale and gently round forward. Repeat 10 times across 5 minutes.,,,,,,,,,,,,,,,,,
Neuroscience Focus Drill (Drill #350),Structured 5-minute active reading and comprehension exercise focused on neuroscience focus drill.,1. Select a brief passage focused on neuroscience focus drill.,Time-Bound,Mindful Reading & Cognitive Micro-Drills,5.0,1.0,Free,Indoor/Outdoor,12.0,99.0,Yes,Structured micro-duration provides a clear cognitive focus anchor without executive function overload.,"Visual, Cognitive",Solo,Low,"Focus, Comprehension, Mental Clarity","Seeking Focus, Distracted, Overwhelmed",anytime,Micro-movements & Breathwork
,,2. Read continuously with active visual tracking for 3 minutes.,,,,,,,,,,,,,,,,,
,,3. Annotate key concepts or write down 2 core summary takeaways.,,,,,,,,,,,,,,,,,
,,4. Conclude with 1 minute of mental consolidation and recall check.,,,,,,,,,,,,,,,,,
Resonant Box Breath - Protocol #351,A balanced 4-4-4-4 rhythm to soothe the central nervous system.,1. Inhale through nose for 4 seconds.,Time-Bound,Calming Breathwork,5.0,1.0,Free,Indoor/Outdoor,12.0,99.0,Yes,Structured micro-duration provides a clear cognitive focus anchor without executive function overload.,"Proprioceptive, Rhythm",Solo,Low,"Calm, Stress Relief, Focus","Anxious, Stressed, Overwhelmed",anytime,Micro-movements & Breathwork
,,2. Hold breath for 4 seconds.,,,,,,,,,,,,,,,,,
,,3. Exhale through mouth for 4 seconds.,,,,,,,,,,,,,,,,,
,,4. Hold empty for 4 seconds. Repeat for 5 minutes.,,,,,,,,,,,,,,,,,
Sun Channel Activation - Protocol #352,Right nostril breath control to spark focus and metabolic energy.,1. Block left nostril gently with ring finger.,Time-Bound,Energizing Breathwork,5.0,1.0,Free,Indoor/Outdoor,12.0,99.0,Yes,Structured micro-duration provides a clear cognitive focus anchor without executive function overload.,"Proprioceptive, Rhythm",Solo,Moderate,"Calm, Stress Relief, Focus","Anxious, Stressed, Overwhelmed",anytime,Micro-movements & Breathwork
,,2. Inhale deeply through right nostril for 4s.,,,,,,,,,,,,,,,,,
,,3. Exhale through right nostril for 4s.,,,,,,,,,,,,,,,,,
,,4. Maintain rhythmic right-channel breathing for 5 minutes.,,,,,,,,,,,,,,,,,
Ocular Horizon Tracking (Variation #353),Horizontal ocular motility reset to reduce digital eye strain.,1. Hold thumb out at arm length.,Time-Bound,Therapeutic & Somatic Micro-Movements,5.0,1.0,Free,Indoor/Outdoor,12.0,99.0,Yes,Structured micro-duration provides a clear cognitive focus anchor without executive function overload.,"Proprioceptive, Tactile",Solo,Moderate,"Mobility, Tension Release, Energy","Restless, Stiff, Lethargic",anytime,Micro-movements & Breathwork
,,2. Move thumb slowly left to right while keeping head perfectly still.,,,,,,,,,,,,,,,,,
,,3. Follow thumb tip with eyes only.,,,,,,,,,,,,,,,,,
,,"4. Perform 10 sweeps, rest 10s, repeat for 5 minutes.",,,,,,,,,,,,,,,,,
Seated Thoracic Decompression (Variation #354),Extends stiff thoracic spine after prolonged sitting.,1. Sit at front edge of chair.,Time-Bound,Desk Mobility & Joint Resets,5.0,1.0,Free,Indoor/Outdoor,12.0,99.0,Yes,Structured micro-duration provides a clear cognitive focus anchor without executive function overload.,"Proprioceptive, Tactile",Solo,Moderate,"Mobility, Tension Release, Energy","Restless, Stiff, Lethargic",anytime,Micro-movements & Breathwork
,,"2. Interlace fingers behind head, elbows wide.",,,,,,,,,,,,,,,,,
,,3. Inhale and arch upper back over chair back.,,,,,,,,,,,,,,,,,
,,4. Exhale and gently round forward. Repeat 10 times across 5 minutes.,,,,,,,,,,,,,,,,,
Biographical Profile Analysis (Drill #355),Structured 5-minute active reading and comprehension exercise focused on biographical profile analysis.,1. Select a brief passage focused on biographical profile analysis.,Time-Bound,Mindful Reading & Cognitive Micro-Drills,5.0,1.0,Free,Indoor/Outdoor,12.0,99.0,Yes,Structured micro-duration provides a clear cognitive focus anchor without executive function overload.,"Visual, Cognitive",Solo,Low,"Focus, Comprehension, Mental Clarity","Seeking Focus, Distracted, Overwhelmed",anytime,Micro-movements & Breathwork
,,2. Read continuously with active visual tracking for 3 minutes.,,,,,,,,,,,,,,,,,
,,3. Annotate key concepts or write down 2 core summary takeaways.,,,,,,,,,,,,,,,,,
,,4. Conclude with 1 minute of mental consolidation and recall check.,,,,,,,,,,,,,,,,,
Vagus Nerve Ocean Inhale - Protocol #356,Slow rhythmic deep breathing targeting vagal tone stimulation.,1. Sit upright with soft shoulders.,Time-Bound,Calming Breathwork,5.0,1.0,Free,Indoor/Outdoor,12.0,99.0,Yes,Structured micro-duration provides a clear cognitive focus anchor without executive function overload.,"Proprioceptive, Rhythm",Solo,Low,"Calm, Stress Relief, Focus","Anxious, Stressed, Overwhelmed",anytime,Micro-movements & Breathwork
,,2. Inhale deeply into lower abdomen for 5s.,,,,,,,,,,,,,,,,,
,,3. Exhale slowly with a subtle back-of-throat hum for 5s.,,,,,,,,,,,,,,,,,
,,4. Repeat smoothly for 5 minutes.,,,,,,,,,,,,,,,,,
Sun Channel Activation - Protocol #357,Right nostril breath control to spark focus and metabolic energy.,1. Block left nostril gently with ring finger.,Time-Bound,Energizing Breathwork,5.0,1.0,Free,Indoor/Outdoor,12.0,99.0,Yes,Structured micro-duration provides a clear cognitive focus anchor without executive function overload.,"Proprioceptive, Rhythm",Solo,Moderate,"Calm, Stress Relief, Focus","Anxious, Stressed, Overwhelmed",anytime,Micro-movements & Breathwork
,,2. Inhale deeply through right nostril for 4s.,,,,,,,,,,,,,,,,,
,,3. Exhale through right nostril for 4s.,,,,,,,,,,,,,,,,,
,,4. Maintain rhythmic right-channel breathing for 5 minutes.,,,,,,,,,,,,,,,,,
Pragmatic Grounding Tap (Variation #358),Rhythmic body tapping protocol to re-anchor spatial awareness.,1. Tap upper chest gently with fingertips for 60s.,Time-Bound,Therapeutic & Somatic Micro-Movements,5.0,1.0,Free,Indoor/Outdoor,12.0,99.0,Yes,Structured micro-duration provides a clear cognitive focus anchor without executive function overload.,"Proprioceptive, Tactile",Solo,Moderate,"Mobility, Tension Release, Energy","Restless, Stiff, Lethargic",anytime,Micro-movements & Breathwork
,,"2. Tap down arms, belly, thighs, and calves sequentially.",,,,,,,,,,,,,,,,,
,,3. Focus on tactile feedback and temperature.,,,,,,,,,,,,,,,,,
,,4. Repeat full-body rhythm 3 times across 5 minutes.,,,,,,,,,,,,,,,,,
Seated Thoracic Decompression (Variation #359),Extends stiff thoracic spine after prolonged sitting.,1. Sit at front edge of chair.,Time-Bound,Desk Mobility & Joint Resets,5.0,1.0,Free,Indoor/Outdoor,12.0,99.0,Yes,Structured micro-duration provides a clear cognitive focus anchor without executive function overload.,"Proprioceptive, Tactile",Solo,Moderate,"Mobility, Tension Release, Energy","Restless, Stiff, Lethargic",anytime,Micro-movements & Breathwork
,,"2. Interlace fingers behind head, elbows wide.",,,,,,,,,,,,,,,,,
,,3. Inhale and arch upper back over chair back.,,,,,,,,,,,,,,,,,
,,4. Exhale and gently round forward. Repeat 10 times across 5 minutes.,,,,,,,,,,,,,,,,,
Scientific Paper Abstract Review (Drill #360),Structured 5-minute active reading and comprehension exercise focused on scientific paper abstract review.,1. Select a brief passage focused on scientific paper abstract review.,Time-Bound,Mindful Reading & Cognitive Micro-Drills,5.0,1.0,Free,Indoor/Outdoor,12.0,99.0,Yes,Structured micro-duration provides a clear cognitive focus anchor without executive function overload.,"Visual, Cognitive",Solo,Low,"Focus, Comprehension, Mental Clarity","Seeking Focus, Distracted, Overwhelmed",anytime,Micro-movements & Breathwork
,,2. Read continuously with active visual tracking for 3 minutes.,,,,,,,,,,,,,,,,,
,,3. Annotate key concepts or write down 2 core summary takeaways.,,,,,,,,,,,,,,,,,
,,4. Conclude with 1 minute of mental consolidation and recall check.,,,,,,,,,,,,,,,,,
4-8 Cadence Decompression - Protocol #361,Extended exhale pattern engineered for immediate nervous system down-regulation.,1. Inhale nose for 4 seconds.,Time-Bound,Calming Breathwork,5.0,1.0,Free,Indoor/Outdoor,12.0,99.0,Yes,Structured micro-duration provides a clear cognitive focus anchor without executive function overload.,"Proprioceptive, Rhythm",Solo,Low,"Calm, Stress Relief, Focus","Anxious, Stressed, Overwhelmed",anytime,Micro-movements & Breathwork
,,2. Exhale slowly and completely through mouth for 8 seconds.,,,,,,,,,,,,,,,,,
,,3. Pause 1 second at the bottom.,,,,,,,,,,,,,,,,,
,,4. Repeat cycle for 5 minutes.,,,,,,,,,,,,,,,,,
Segmented Morning Inhale - Protocol #362,Staccato three-part inhale to clear brain fog instantly.,1. Take short inhale step 1 into belly.,Time-Bound,Energizing Breathwork,5.0,1.0,Free,Indoor/Outdoor,12.0,99.0,Yes,Structured micro-duration provides a clear cognitive focus anchor without executive function overload.,"Proprioceptive, Rhythm",Solo,Moderate,"Calm, Stress Relief, Focus","Anxious, Stressed, Overwhelmed",anytime,Micro-movements & Breathwork
,,2. Take short inhale step 2 into chest.,,,,,,,,,,,,,,,,,
,,3. Take short inhale step 3 into collarbones.,,,,,,,,,,,,,,,,,
,,4. Exhale smooth and unforced. Repeat for 5 minutes.,,,,,,,,,,,,,,,,,
Somatic Tremor Shakeout (Variation #363),Vigorous full-body shaking to discharge nervous system tension.,1. Stand with feet shoulder-width apart.,Time-Bound,Therapeutic & Somatic Micro-Movements,5.0,1.0,Free,Indoor/Outdoor,12.0,99.0,Yes,Structured micro-duration provides a clear cognitive focus anchor without executive function overload.,"Proprioceptive, Tactile",Solo,Moderate,"Mobility, Tension Release, Energy","Restless, Stiff, Lethargic",anytime,Micro-movements & Breathwork
,,2. Begin bouncing lightly on heels and shaking wrist joints.,,,,,,,,,,,,,,,,,
,,"3. Allow vibration to travel up shoulders, jaw, and torso.",,,,,,,,,,,,,,,,,
,,4. Shake continuously for 5 minutes to release trapped stress.,,,,,,,,,,,,,,,,,
Seated Thoracic Decompression (Variation #364),Extends stiff thoracic spine after prolonged sitting.,1. Sit at front edge of chair.,Time-Bound,Desk Mobility & Joint Resets,5.0,1.0,Free,Indoor/Outdoor,12.0,99.0,Yes,Structured micro-duration provides a clear cognitive focus anchor without executive function overload.,"Proprioceptive, Tactile",Solo,Moderate,"Mobility, Tension Release, Energy","Restless, Stiff, Lethargic",anytime,Micro-movements & Breathwork
,,"2. Interlace fingers behind head, elbows wide.",,,,,,,,,,,,,,,,,
,,3. Inhale and arch upper back over chair back.,,,,,,,,,,,,,,,,,
,,4. Exhale and gently round forward. Repeat 10 times across 5 minutes.,,,,,,,,,,,,,,,,,
Biographical Profile Analysis (Drill #365),Structured 5-minute active reading and comprehension exercise focused on biographical profile analysis.,1. Select a brief passage focused on biographical profile analysis.,Time-Bound,Mindful Reading & Cognitive Micro-Drills,5.0,1.0,Free,Indoor/Outdoor,12.0,99.0,Yes,Structured micro-duration provides a clear cognitive focus anchor without executive function overload.,"Visual, Cognitive",Solo,Low,"Focus, Comprehension, Mental Clarity","Seeking Focus, Distracted, Overwhelmed",anytime,Micro-movements & Breathwork
,,2. Read continuously with active visual tracking for 3 minutes.,,,,,,,,,,,,,,,,,
,,3. Annotate key concepts or write down 2 core summary takeaways.,,,,,,,,,,,,,,,,,
,,4. Conclude with 1 minute of mental consolidation and recall check.,,,,,,,,,,,,,,,,,
Resonant Box Breath - Protocol #366,A balanced 4-4-4-4 rhythm to soothe the central nervous system.,1. Inhale through nose for 4 seconds.,Time-Bound,Calming Breathwork,5.0,1.0,Free,Indoor/Outdoor,12.0,99.0,Yes,Structured micro-duration provides a clear cognitive focus anchor without executive function overload.,"Proprioceptive, Rhythm",Solo,Low,"Calm, Stress Relief, Focus","Anxious, Stressed, Overwhelmed",anytime,Micro-movements & Breathwork
,,2. Hold breath for 4 seconds.,,,,,,,,,,,,,,,,,
,,3. Exhale through mouth for 4 seconds.,,,,,,,,,,,,,,,,,
,,4. Hold empty for 4 seconds. Repeat for 5 minutes.,,,,,,,,,,,,,,,,,
Bellows Vitality Pump - Protocol #367,Rhythmic rapid abdominal pumping to elevate alertness and focus.,1. Sit upright with extended spine.,Time-Bound,Energizing Breathwork,5.0,1.0,Free,Indoor/Outdoor,12.0,99.0,Yes,Structured micro-duration provides a clear cognitive focus anchor without executive function overload.,"Proprioceptive, Rhythm",Solo,Moderate,"Calm, Stress Relief, Focus","Anxious, Stressed, Overwhelmed",anytime,Micro-movements & Breathwork
,,2. Take rapid rhythmic inhales and exhales through nose at 1-second cadence.,,,,,,,,,,,,,,,,,
,,3. Keep chest steady while belly pumps aggressively.,,,,,,,,,,,,,,,,,
,,4. Perform 3 sets of 30 seconds with 15s calm recovery between sets for 5 minutes.,,,,,,,,,,,,,,,,,
Pragmatic Grounding Tap (Variation #368),Rhythmic body tapping protocol to re-anchor spatial awareness.,1. Tap upper chest gently with fingertips for 60s.,Time-Bound,Therapeutic & Somatic Micro-Movements,5.0,1.0,Free,Indoor/Outdoor,12.0,99.0,Yes,Structured micro-duration provides a clear cognitive focus anchor without executive function overload.,"Proprioceptive, Tactile",Solo,Moderate,"Mobility, Tension Release, Energy","Restless, Stiff, Lethargic",anytime,Micro-movements & Breathwork
,,"2. Tap down arms, belly, thighs, and calves sequentially.",,,,,,,,,,,,,,,,,
,,3. Focus on tactile feedback and temperature.,,,,,,,,,,,,,,,,,
,,4. Repeat full-body rhythm 3 times across 5 minutes.,,,,,,,,,,,,,,,,,
Seated Thoracic Decompression (Variation #369),Extends stiff thoracic spine after prolonged sitting.,1. Sit at front edge of chair.,Time-Bound,Desk Mobility & Joint Resets,5.0,1.0,Free,Indoor/Outdoor,12.0,99.0,Yes,Structured micro-duration provides a clear cognitive focus anchor without executive function overload.,"Proprioceptive, Tactile",Solo,Moderate,"Mobility, Tension Release, Energy","Restless, Stiff, Lethargic",anytime,Micro-movements & Breathwork
,,"2. Interlace fingers behind head, elbows wide.",,,,,,,,,,,,,,,,,
,,3. Inhale and arch upper back over chair back.,,,,,,,,,,,,,,,,,
,,4. Exhale and gently round forward. Repeat 10 times across 5 minutes.,,,,,,,,,,,,,,,,,
Philosophical Text Study (Drill #370),Structured 5-minute active reading and comprehension exercise focused on philosophical text study.,1. Select a brief passage focused on philosophical text study.,Time-Bound,Mindful Reading & Cognitive Micro-Drills,5.0,1.0,Free,Indoor/Outdoor,12.0,99.0,Yes,Structured micro-duration provides a clear cognitive focus anchor without executive function overload.,"Visual, Cognitive",Solo,Low,"Focus, Comprehension, Mental Clarity","Seeking Focus, Distracted, Overwhelmed",anytime,Micro-movements & Breathwork
,,2. Read continuously with active visual tracking for 3 minutes.,,,,,,,,,,,,,,,,,
,,3. Annotate key concepts or write down 2 core summary takeaways.,,,,,,,,,,,,,,,,,
,,4. Conclude with 1 minute of mental consolidation and recall check.,,,,,,,,,,,,,,,,,
4-8 Cadence Decompression - Protocol #371,Extended exhale pattern engineered for immediate nervous system down-regulation.,1. Inhale nose for 4 seconds.,Time-Bound,Calming Breathwork,5.0,1.0,Free,Indoor/Outdoor,12.0,99.0,Yes,Structured micro-duration provides a clear cognitive focus anchor without executive function overload.,"Proprioceptive, Rhythm",Solo,Low,"Calm, Stress Relief, Focus","Anxious, Stressed, Overwhelmed",anytime,Micro-movements & Breathwork
,,2. Exhale slowly and completely through mouth for 8 seconds.,,,,,,,,,,,,,,,,,
,,3. Pause 1 second at the bottom.,,,,,,,,,,,,,,,,,
,,4. Repeat cycle for 5 minutes.,,,,,,,,,,,,,,,,,
Sun Channel Activation - Protocol #372,Right nostril breath control to spark focus and metabolic energy.,1. Block left nostril gently with ring finger.,Time-Bound,Energizing Breathwork,5.0,1.0,Free,Indoor/Outdoor,12.0,99.0,Yes,Structured micro-duration provides a clear cognitive focus anchor without executive function overload.,"Proprioceptive, Rhythm",Solo,Moderate,"Calm, Stress Relief, Focus","Anxious, Stressed, Overwhelmed",anytime,Micro-movements & Breathwork
,,2. Inhale deeply through right nostril for 4s.,,,,,,,,,,,,,,,,,
,,3. Exhale through right nostril for 4s.,,,,,,,,,,,,,,,,,
,,4. Maintain rhythmic right-channel breathing for 5 minutes.,,,,,,,,,,,,,,,,,
Ocular Horizon Tracking (Variation #373),Horizontal ocular motility reset to reduce digital eye strain.,1. Hold thumb out at arm length.,Time-Bound,Therapeutic & Somatic Micro-Movements,5.0,1.0,Free,Indoor/Outdoor,12.0,99.0,Yes,Structured micro-duration provides a clear cognitive focus anchor without executive function overload.,"Proprioceptive, Tactile",Solo,Moderate,"Mobility, Tension Release, Energy","Restless, Stiff, Lethargic",anytime,Micro-movements & Breathwork
,,2. Move thumb slowly left to right while keeping head perfectly still.,,,,,,,,,,,,,,,,,
,,3. Follow thumb tip with eyes only.,,,,,,,,,,,,,,,,,
,,"4. Perform 10 sweeps, rest 10s, repeat for 5 minutes.",,,,,,,,,,,,,,,,,
Cervical Spine Glide Routine (Variation #374),Gentle cervical retractions to relieve tech-neck tightness.,1. Sit tall with chin parallel to floor.,Time-Bound,Desk Mobility & Joint Resets,5.0,1.0,Free,Indoor/Outdoor,12.0,99.0,Yes,Structured micro-duration provides a clear cognitive focus anchor without executive function overload.,"Proprioceptive, Tactile",Solo,Moderate,"Mobility, Tension Release, Energy","Restless, Stiff, Lethargic",anytime,Micro-movements & Breathwork
,,2. Glide chin straight back creating a double chin.,,,,,,,,,,,,,,,,,
,,"3. Hold 3 seconds, release forward smoothly.",,,,,,,,,,,,,,,,,
,,"4. Perform 12 reps, 3 sets across 5 minutes.",,,,,,,,,,,,,,,,,
Neuroscience Focus Drill (Drill #375),Structured 5-minute active reading and comprehension exercise focused on neuroscience focus drill.,1. Select a brief passage focused on neuroscience focus drill.,Time-Bound,Mindful Reading & Cognitive Micro-Drills,5.0,1.0,Free,Indoor/Outdoor,12.0,99.0,Yes,Structured micro-duration provides a clear cognitive focus anchor without executive function overload.,"Visual, Cognitive",Solo,Low,"Focus, Comprehension, Mental Clarity","Seeking Focus, Distracted, Overwhelmed",anytime,Micro-movements & Breathwork
,,2. Read continuously with active visual tracking for 3 minutes.,,,,,,,,,,,,,,,,,
,,3. Annotate key concepts or write down 2 core summary takeaways.,,,,,,,,,,,,,,,,,
,,4. Conclude with 1 minute of mental consolidation and recall check.,,,,,,,,,,,,,,,,,
Resonant Box Breath - Protocol #376,A balanced 4-4-4-4 rhythm to soothe the central nervous system.,1. Inhale through nose for 4 seconds.,Time-Bound,Calming Breathwork,5.0,1.0,Free,Indoor/Outdoor,12.0,99.0,Yes,Structured micro-duration provides a clear cognitive focus anchor without executive function overload.,"Proprioceptive, Rhythm",Solo,Low,"Calm, Stress Relief, Focus","Anxious, Stressed, Overwhelmed",anytime,Micro-movements & Breathwork
,,2. Hold breath for 4 seconds.,,,,,,,,,,,,,,,,,
,,3. Exhale through mouth for 4 seconds.,,,,,,,,,,,,,,,,,
,,4. Hold empty for 4 seconds. Repeat for 5 minutes.,,,,,,,,,,,,,,,,,
Sun Channel Activation - Protocol #377,Right nostril breath control to spark focus and metabolic energy.,1. Block left nostril gently with ring finger.,Time-Bound,Energizing Breathwork,5.0,1.0,Free,Indoor/Outdoor,12.0,99.0,Yes,Structured micro-duration provides a clear cognitive focus anchor without executive function overload.,"Proprioceptive, Rhythm",Solo,Moderate,"Calm, Stress Relief, Focus","Anxious, Stressed, Overwhelmed",anytime,Micro-movements & Breathwork
,,2. Inhale deeply through right nostril for 4s.,,,,,,,,,,,,,,,,,
,,3. Exhale through right nostril for 4s.,,,,,,,,,,,,,,,,,
,,4. Maintain rhythmic right-channel breathing for 5 minutes.,,,,,,,,,,,,,,,,,
Somatic Tremor Shakeout (Variation #378),Vigorous full-body shaking to discharge nervous system tension.,1. Stand with feet shoulder-width apart.,Time-Bound,Therapeutic & Somatic Micro-Movements,5.0,1.0,Free,Indoor/Outdoor,12.0,99.0,Yes,Structured micro-duration provides a clear cognitive focus anchor without executive function overload.,"Proprioceptive, Tactile",Solo,Moderate,"Mobility, Tension Release, Energy","Restless, Stiff, Lethargic",anytime,Micro-movements & Breathwork
,,2. Begin bouncing lightly on heels and shaking wrist joints.,,,,,,,,,,,,,,,,,
,,"3. Allow vibration to travel up shoulders, jaw, and torso.",,,,,,,,,,,,,,,,,
,,4. Shake continuously for 5 minutes to release trapped stress.,,,,,,,,,,,,,,,,,
Wrist & Forearm Tension Release (Variation #379),Stretches wrist flexors and extensors for keyboard users.,"1. Extend right arm forward, palm up.",Time-Bound,Desk Mobility & Joint Resets,5.0,1.0,Free,Indoor/Outdoor,12.0,99.0,Yes,Structured micro-duration provides a clear cognitive focus anchor without executive function overload.,"Proprioceptive, Tactile",Solo,Moderate,"Mobility, Tension Release, Energy","Restless, Stiff, Lethargic",anytime,Micro-movements & Breathwork
,,2. Pull fingers down with left hand gently for 30s.,,,,,,,,,,,,,,,,,
,,"3. Flip palm down, pull hand back toward wrist for 30s.",,,,,,,,,,,,,,,,,
,,4. Swap sides and repeat cycles for 5 minutes.,,,,,,,,,,,,,,,,,
Cognitive Health Article Drill (Drill #380),Structured 5-minute active reading and comprehension exercise focused on cognitive health article drill.,1. Select a brief passage focused on cognitive health article drill.,Time-Bound,Mindful Reading & Cognitive Micro-Drills,5.0,1.0,Free,Indoor/Outdoor,12.0,99.0,Yes,Structured micro-duration provides a clear cognitive focus anchor without executive function overload.,"Visual, Cognitive",Solo,Low,"Focus, Comprehension, Mental Clarity","Seeking Focus, Distracted, Overwhelmed",anytime,Micro-movements & Breathwork
,,2. Read continuously with active visual tracking for 3 minutes.,,,,,,,,,,,,,,,,,
,,3. Annotate key concepts or write down 2 core summary takeaways.,,,,,,,,,,,,,,,,,
,,4. Conclude with 1 minute of mental consolidation and recall check.,,,,,,,,,,,,,,,,,
Vagus Nerve Ocean Inhale - Protocol #381,Slow rhythmic deep breathing targeting vagal tone stimulation.,1. Sit upright with soft shoulders.,Time-Bound,Calming Breathwork,5.0,1.0,Free,Indoor/Outdoor,12.0,99.0,Yes,Structured micro-duration provides a clear cognitive focus anchor without executive function overload.,"Proprioceptive, Rhythm",Solo,Low,"Calm, Stress Relief, Focus","Anxious, Stressed, Overwhelmed",anytime,Micro-movements & Breathwork
,,2. Inhale deeply into lower abdomen for 5s.,,,,,,,,,,,,,,,,,
,,3. Exhale slowly with a subtle back-of-throat hum for 5s.,,,,,,,,,,,,,,,,,
,,4. Repeat smoothly for 5 minutes.,,,,,,,,,,,,,,,,,
Segmented Morning Inhale - Protocol #382,Staccato three-part inhale to clear brain fog instantly.,1. Take short inhale step 1 into belly.,Time-Bound,Energizing Breathwork,5.0,1.0,Free,Indoor/Outdoor,12.0,99.0,Yes,Structured micro-duration provides a clear cognitive focus anchor without executive function overload.,"Proprioceptive, Rhythm",Solo,Moderate,"Calm, Stress Relief, Focus","Anxious, Stressed, Overwhelmed",anytime,Micro-movements & Breathwork
,,2. Take short inhale step 2 into chest.,,,,,,,,,,,,,,,,,
,,3. Take short inhale step 3 into collarbones.,,,,,,,,,,,,,,,,,
,,4. Exhale smooth and unforced. Repeat for 5 minutes.,,,,,,,,,,,,,,,,,
Somatic Tremor Shakeout (Variation #383),Vigorous full-body shaking to discharge nervous system tension.,1. Stand with feet shoulder-width apart.,Time-Bound,Therapeutic & Somatic Micro-Movements,5.0,1.0,Free,Indoor/Outdoor,12.0,99.0,Yes,Structured micro-duration provides a clear cognitive focus anchor without executive function overload.,"Proprioceptive, Tactile",Solo,Moderate,"Mobility, Tension Release, Energy","Restless, Stiff, Lethargic",anytime,Micro-movements & Breathwork
,,2. Begin bouncing lightly on heels and shaking wrist joints.,,,,,,,,,,,,,,,,,
,,"3. Allow vibration to travel up shoulders, jaw, and torso.",,,,,,,,,,,,,,,,,
,,4. Shake continuously for 5 minutes to release trapped stress.,,,,,,,,,,,,,,,,,
Seated Thoracic Decompression (Variation #384),Extends stiff thoracic spine after prolonged sitting.,1. Sit at front edge of chair.,Time-Bound,Desk Mobility & Joint Resets,5.0,1.0,Free,Indoor/Outdoor,12.0,99.0,Yes,Structured micro-duration provides a clear cognitive focus anchor without executive function overload.,"Proprioceptive, Tactile",Solo,Moderate,"Mobility, Tension Release, Energy","Restless, Stiff, Lethargic",anytime,Micro-movements & Breathwork
,,"2. Interlace fingers behind head, elbows wide.",,,,,,,,,,,,,,,,,
,,3. Inhale and arch upper back over chair back.,,,,,,,,,,,,,,,,,
,,4. Exhale and gently round forward. Repeat 10 times across 5 minutes.,,,,,,,,,,,,,,,,,
Cognitive Health Article Drill (Drill #385),Structured 5-minute active reading and comprehension exercise focused on cognitive health article drill.,1. Select a brief passage focused on cognitive health article drill.,Time-Bound,Mindful Reading & Cognitive Micro-Drills,5.0,1.0,Free,Indoor/Outdoor,12.0,99.0,Yes,Structured micro-duration provides a clear cognitive focus anchor without executive function overload.,"Visual, Cognitive",Solo,Low,"Focus, Comprehension, Mental Clarity","Seeking Focus, Distracted, Overwhelmed",anytime,Micro-movements & Breathwork
,,2. Read continuously with active visual tracking for 3 minutes.,,,,,,,,,,,,,,,,,
,,3. Annotate key concepts or write down 2 core summary takeaways.,,,,,,,,,,,,,,,,,
,,4. Conclude with 1 minute of mental consolidation and recall check.,,,,,,,,,,,,,,,,,
Resonant Box Breath - Protocol #386,A balanced 4-4-4-4 rhythm to soothe the central nervous system.,1. Inhale through nose for 4 seconds.,Time-Bound,Calming Breathwork,5.0,1.0,Free,Indoor/Outdoor,12.0,99.0,Yes,Structured micro-duration provides a clear cognitive focus anchor without executive function overload.,"Proprioceptive, Rhythm",Solo,Low,"Calm, Stress Relief, Focus","Anxious, Stressed, Overwhelmed",anytime,Micro-movements & Breathwork
,,2. Hold breath for 4 seconds.,,,,,,,,,,,,,,,,,
,,3. Exhale through mouth for 4 seconds.,,,,,,,,,,,,,,,,,
,,4. Hold empty for 4 seconds. Repeat for 5 minutes.,,,,,,,,,,,,,,,,,
Segmented Morning Inhale - Protocol #387,Staccato three-part inhale to clear brain fog instantly.,1. Take short inhale step 1 into belly.,Time-Bound,Energizing Breathwork,5.0,1.0,Free,Indoor/Outdoor,12.0,99.0,Yes,Structured micro-duration provides a clear cognitive focus anchor without executive function overload.,"Proprioceptive, Rhythm",Solo,Moderate,"Calm, Stress Relief, Focus","Anxious, Stressed, Overwhelmed",anytime,Micro-movements & Breathwork
,,2. Take short inhale step 2 into chest.,,,,,,,,,,,,,,,,,
,,3. Take short inhale step 3 into collarbones.,,,,,,,,,,,,,,,,,
,,4. Exhale smooth and unforced. Repeat for 5 minutes.,,,,,,,,,,,,,,,,,
Somatic Tremor Shakeout (Variation #388),Vigorous full-body shaking to discharge nervous system tension.,1. Stand with feet shoulder-width apart.,Time-Bound,Therapeutic & Somatic Micro-Movements,5.0,1.0,Free,Indoor/Outdoor,12.0,99.0,Yes,Structured micro-duration provides a clear cognitive focus anchor without executive function overload.,"Proprioceptive, Tactile",Solo,Moderate,"Mobility, Tension Release, Energy","Restless, Stiff, Lethargic",anytime,Micro-movements & Breathwork
,,2. Begin bouncing lightly on heels and shaking wrist joints.,,,,,,,,,,,,,,,,,
,,"3. Allow vibration to travel up shoulders, jaw, and torso.",,,,,,,,,,,,,,,,,
,,4. Shake continuously for 5 minutes to release trapped stress.,,,,,,,,,,,,,,,,,
Wrist & Forearm Tension Release (Variation #389),Stretches wrist flexors and extensors for keyboard users.,"1. Extend right arm forward, palm up.",Time-Bound,Desk Mobility & Joint Resets,5.0,1.0,Free,Indoor/Outdoor,12.0,99.0,Yes,Structured micro-duration provides a clear cognitive focus anchor without executive function overload.,"Proprioceptive, Tactile",Solo,Moderate,"Mobility, Tension Release, Energy","Restless, Stiff, Lethargic",anytime,Micro-movements & Breathwork
,,2. Pull fingers down with left hand gently for 30s.,,,,,,,,,,,,,,,,,
,,"3. Flip palm down, pull hand back toward wrist for 30s.",,,,,,,,,,,,,,,,,
,,4. Swap sides and repeat cycles for 5 minutes.,,,,,,,,,,,,,,,,,
Wisdom Literature Reflection (Drill #390),Structured 5-minute active reading and comprehension exercise focused on wisdom literature reflection.,1. Select a brief passage focused on wisdom literature reflection.,Time-Bound,Mindful Reading & Cognitive Micro-Drills,5.0,1.0,Free,Indoor/Outdoor,12.0,99.0,Yes,Structured micro-duration provides a clear cognitive focus anchor without executive function overload.,"Visual, Cognitive",Solo,Low,"Focus, Comprehension, Mental Clarity","Seeking Focus, Distracted, Overwhelmed",anytime,Micro-movements & Breathwork
,,2. Read continuously with active visual tracking for 3 minutes.,,,,,,,,,,,,,,,,,
,,3. Annotate key concepts or write down 2 core summary takeaways.,,,,,,,,,,,,,,,,,
,,4. Conclude with 1 minute of mental consolidation and recall check.,,,,,,,,,,,,,,,,,
Resonant Box Breath - Protocol #391,A balanced 4-4-4-4 rhythm to soothe the central nervous system.,1. Inhale through nose for 4 seconds.,Time-Bound,Calming Breathwork,5.0,1.0,Free,Indoor/Outdoor,12.0,99.0,Yes,Structured micro-duration provides a clear cognitive focus anchor without executive function overload.,"Proprioceptive, Rhythm",Solo,Low,"Calm, Stress Relief, Focus","Anxious, Stressed, Overwhelmed",anytime,Micro-movements & Breathwork
,,2. Hold breath for 4 seconds.,,,,,,,,,,,,,,,,,
,,3. Exhale through mouth for 4 seconds.,,,,,,,,,,,,,,,,,
,,4. Hold empty for 4 seconds. Repeat for 5 minutes.,,,,,,,,,,,,,,,,,
Segmented Morning Inhale - Protocol #392,Staccato three-part inhale to clear brain fog instantly.,1. Take short inhale step 1 into belly.,Time-Bound,Energizing Breathwork,5.0,1.0,Free,Indoor/Outdoor,12.0,99.0,Yes,Structured micro-duration provides a clear cognitive focus anchor without executive function overload.,"Proprioceptive, Rhythm",Solo,Moderate,"Calm, Stress Relief, Focus","Anxious, Stressed, Overwhelmed",anytime,Micro-movements & Breathwork
,,2. Take short inhale step 2 into chest.,,,,,,,,,,,,,,,,,
,,3. Take short inhale step 3 into collarbones.,,,,,,,,,,,,,,,,,
,,4. Exhale smooth and unforced. Repeat for 5 minutes.,,,,,,,,,,,,,,,,,
Ocular Horizon Tracking (Variation #393),Horizontal ocular motility reset to reduce digital eye strain.,1. Hold thumb out at arm length.,Time-Bound,Therapeutic & Somatic Micro-Movements,5.0,1.0,Free,Indoor/Outdoor,12.0,99.0,Yes,Structured micro-duration provides a clear cognitive focus anchor without executive function overload.,"Proprioceptive, Tactile",Solo,Moderate,"Mobility, Tension Release, Energy","Restless, Stiff, Lethargic",anytime,Micro-movements & Breathwork
,,2. Move thumb slowly left to right while keeping head perfectly still.,,,,,,,,,,,,,,,,,
,,3. Follow thumb tip with eyes only.,,,,,,,,,,,,,,,,,
,,"4. Perform 10 sweeps, rest 10s, repeat for 5 minutes.",,,,,,,,,,,,,,,,,
Cervical Spine Glide Routine (Variation #394),Gentle cervical retractions to relieve tech-neck tightness.,1. Sit tall with chin parallel to floor.,Time-Bound,Desk Mobility & Joint Resets,5.0,1.0,Free,Indoor/Outdoor,12.0,99.0,Yes,Structured micro-duration provides a clear cognitive focus anchor without executive function overload.,"Proprioceptive, Tactile",Solo,Moderate,"Mobility, Tension Release, Energy","Restless, Stiff, Lethargic",anytime,Micro-movements & Breathwork
,,2. Glide chin straight back creating a double chin.,,,,,,,,,,,,,,,,,
,,"3. Hold 3 seconds, release forward smoothly.",,,,,,,,,,,,,,,,,
,,"4. Perform 12 reps, 3 sets across 5 minutes.",,,,,,,,,,,,,,,,,
Technical Synthesis Reading (Drill #395),Structured 5-minute active reading and comprehension exercise focused on technical synthesis reading.,1. Select a brief passage focused on technical synthesis reading.,Time-Bound,Mindful Reading & Cognitive Micro-Drills,5.0,1.0,Free,Indoor/Outdoor,12.0,99.0,Yes,Structured micro-duration provides a clear cognitive focus anchor without executive function overload.,"Visual, Cognitive",Solo,Low,"Focus, Comprehension, Mental Clarity","Seeking Focus, Distracted, Overwhelmed",anytime,Micro-movements & Breathwork
,,2. Read continuously with active visual tracking for 3 minutes.,,,,,,,,,,,,,,,,,
,,3. Annotate key concepts or write down 2 core summary takeaways.,,,,,,,,,,,,,,,,,
,,4. Conclude with 1 minute of mental consolidation and recall check.,,,,,,,,,,,,,,,,,
Vagus Nerve Ocean Inhale - Protocol #396,Slow rhythmic deep breathing targeting vagal tone stimulation.,1. Sit upright with soft shoulders.,Time-Bound,Calming Breathwork,5.0,1.0,Free,Indoor/Outdoor,12.0,99.0,Yes,Structured micro-duration provides a clear cognitive focus anchor without executive function overload.,"Proprioceptive, Rhythm",Solo,Low,"Calm, Stress Relief, Focus","Anxious, Stressed, Overwhelmed",anytime,Micro-movements & Breathwork
,,2. Inhale deeply into lower abdomen for 5s.,,,,,,,,,,,,,,,,,
,,3. Exhale slowly with a subtle back-of-throat hum for 5s.,,,,,,,,,,,,,,,,,
,,4. Repeat smoothly for 5 minutes.,,,,,,,,,,,,,,,,,
Bellows Vitality Pump - Protocol #397,Rhythmic rapid abdominal pumping to elevate alertness and focus.,1. Sit upright with extended spine.,Time-Bound,Energizing Breathwork,5.0,1.0,Free,Indoor/Outdoor,12.0,99.0,Yes,Structured micro-duration provides a clear cognitive focus anchor without executive function overload.,"Proprioceptive, Rhythm",Solo,Moderate,"Calm, Stress Relief, Focus","Anxious, Stressed, Overwhelmed",anytime,Micro-movements & Breathwork
,,2. Take rapid rhythmic inhales and exhales through nose at 1-second cadence.,,,,,,,,,,,,,,,,,
,,3. Keep chest steady while belly pumps aggressively.,,,,,,,,,,,,,,,,,
,,4. Perform 3 sets of 30 seconds with 15s calm recovery between sets for 5 minutes.,,,,,,,,,,,,,,,,,
Pragmatic Grounding Tap (Variation #398),Rhythmic body tapping protocol to re-anchor spatial awareness.,1. Tap upper chest gently with fingertips for 60s.,Time-Bound,Therapeutic & Somatic Micro-Movements,5.0,1.0,Free,Indoor/Outdoor,12.0,99.0,Yes,Structured micro-duration provides a clear cognitive focus anchor without executive function overload.,"Proprioceptive, Tactile",Solo,Moderate,"Mobility, Tension Release, Energy","Restless, Stiff, Lethargic",anytime,Micro-movements & Breathwork
,,"2. Tap down arms, belly, thighs, and calves sequentially.",,,,,,,,,,,,,,,,,
,,3. Focus on tactile feedback and temperature.,,,,,,,,,,,,,,,,,
,,4. Repeat full-body rhythm 3 times across 5 minutes.,,,,,,,,,,,,,,,,,
Seated Thoracic Decompression (Variation #399),Extends stiff thoracic spine after prolonged sitting.,1. Sit at front edge of chair.,Time-Bound,Desk Mobility & Joint Resets,5.0,1.0,Free,Indoor/Outdoor,12.0,99.0,Yes,Structured micro-duration provides a clear cognitive focus anchor without executive function overload.,"Proprioceptive, Tactile",Solo,Moderate,"Mobility, Tension Release, Energy","Restless, Stiff, Lethargic",anytime,Micro-movements & Breathwork
,,"2. Interlace fingers behind head, elbows wide.",,,,,,,,,,,,,,,,,
,,3. Inhale and arch upper back over chair back.,,,,,,,,,,,,,,,,,
,,4. Exhale and gently round forward. Repeat 10 times across 5 minutes.,,,,,,,,,,,,,,,,,
Psychology Insight Parsing (Drill #400),Structured 5-minute active reading and comprehension exercise focused on psychology insight parsing.,1. Select a brief passage focused on psychology insight parsing.,Time-Bound,Mindful Reading & Cognitive Micro-Drills,5.0,1.0,Free,Indoor/Outdoor,12.0,99.0,Yes,Structured micro-duration provides a clear cognitive focus anchor without executive function overload.,"Visual, Cognitive",Solo,Low,"Focus, Comprehension, Mental Clarity","Seeking Focus, Distracted, Overwhelmed",anytime,Micro-movements & Breathwork
,,2. Read continuously with active visual tracking for 3 minutes.,,,,,,,,,,,,,,,,,
,,3. Annotate key concepts or write down 2 core summary takeaways.,,,,,,,,,,,,,,,,,
,,4. Conclude with 1 minute of mental consolidation and recall check.,,,,,,,,,,,,,,,,,
Diaphragmatic Belly Anchor - Protocol #401,Deep grounding belly breathing to lower heart rate.,1. Place one hand on chest and one on belly.,Time-Bound,Calming Breathwork,5.0,1.0,Free,Indoor/Outdoor,12.0,99.0,Yes,Structured micro-duration provides a clear cognitive focus anchor without executive function overload.,"Proprioceptive, Rhythm",Solo,Low,"Calm, Stress Relief, Focus","Anxious, Stressed, Overwhelmed",anytime,Micro-movements & Breathwork
,,2. Breathe in deeply ensuring only the belly rises for 4s.,,,,,,,,,,,,,,,,,
,,3. Exhale slowly through pursed lips for 6s.,,,,,,,,,,,,,,,,,
,,4. Focus on tactile warmth of your hands for 5 minutes.,,,,,,,,,,,,,,,,,
Segmented Morning Inhale - Protocol #402,Staccato three-part inhale to clear brain fog instantly.,1. Take short inhale step 1 into belly.,Time-Bound,Energizing Breathwork,5.0,1.0,Free,Indoor/Outdoor,12.0,99.0,Yes,Structured micro-duration provides a clear cognitive focus anchor without executive function overload.,"Proprioceptive, Rhythm",Solo,Moderate,"Calm, Stress Relief, Focus","Anxious, Stressed, Overwhelmed",anytime,Micro-movements & Breathwork
,,2. Take short inhale step 2 into chest.,,,,,,,,,,,,,,,,,
,,3. Take short inhale step 3 into collarbones.,,,,,,,,,,,,,,,,,
,,4. Exhale smooth and unforced. Repeat for 5 minutes.,,,,,,,,,,,,,,,,,
Ocular Horizon Tracking (Variation #403),Horizontal ocular motility reset to reduce digital eye strain.,1. Hold thumb out at arm length.,Time-Bound,Therapeutic & Somatic Micro-Movements,5.0,1.0,Free,Indoor/Outdoor,12.0,99.0,Yes,Structured micro-duration provides a clear cognitive focus anchor without executive function overload.,"Proprioceptive, Tactile",Solo,Moderate,"Mobility, Tension Release, Energy","Restless, Stiff, Lethargic",anytime,Micro-movements & Breathwork
,,2. Move thumb slowly left to right while keeping head perfectly still.,,,,,,,,,,,,,,,,,
,,3. Follow thumb tip with eyes only.,,,,,,,,,,,,,,,,,
,,"4. Perform 10 sweeps, rest 10s, repeat for 5 minutes.",,,,,,,,,,,,,,,,,
Wrist & Forearm Tension Release (Variation #404),Stretches wrist flexors and extensors for keyboard users.,"1. Extend right arm forward, palm up.",Time-Bound,Desk Mobility & Joint Resets,5.0,1.0,Free,Indoor/Outdoor,12.0,99.0,Yes,Structured micro-duration provides a clear cognitive focus anchor without executive function overload.,"Proprioceptive, Tactile",Solo,Moderate,"Mobility, Tension Release, Energy","Restless, Stiff, Lethargic",anytime,Micro-movements & Breathwork
,,2. Pull fingers down with left hand gently for 30s.,,,,,,,,,,,,,,,,,
,,"3. Flip palm down, pull hand back toward wrist for 30s.",,,,,,,,,,,,,,,,,
,,4. Swap sides and repeat cycles for 5 minutes.,,,,,,,,,,,,,,,,,
Biographical Profile Analysis (Drill #405),Structured 5-minute active reading and comprehension exercise focused on biographical profile analysis.,1. Select a brief passage focused on biographical profile analysis.,Time-Bound,Mindful Reading & Cognitive Micro-Drills,5.0,1.0,Free,Indoor/Outdoor,12.0,99.0,Yes,Structured micro-duration provides a clear cognitive focus anchor without executive function overload.,"Visual, Cognitive",Solo,Low,"Focus, Comprehension, Mental Clarity","Seeking Focus, Distracted, Overwhelmed",anytime,Micro-movements & Breathwork
,,2. Read continuously with active visual tracking for 3 minutes.,,,,,,,,,,,,,,,,,
,,3. Annotate key concepts or write down 2 core summary takeaways.,,,,,,,,,,,,,,,,,
,,4. Conclude with 1 minute of mental consolidation and recall check.,,,,,,,,,,,,,,,,,
Vagus Nerve Ocean Inhale - Protocol #406,Slow rhythmic deep breathing targeting vagal tone stimulation.,1. Sit upright with soft shoulders.,Time-Bound,Calming Breathwork,5.0,1.0,Free,Indoor/Outdoor,12.0,99.0,Yes,Structured micro-duration provides a clear cognitive focus anchor without executive function overload.,"Proprioceptive, Rhythm",Solo,Low,"Calm, Stress Relief, Focus","Anxious, Stressed, Overwhelmed",anytime,Micro-movements & Breathwork
,,2. Inhale deeply into lower abdomen for 5s.,,,,,,,,,,,,,,,,,
,,3. Exhale slowly with a subtle back-of-throat hum for 5s.,,,,,,,,,,,,,,,,,
,,4. Repeat smoothly for 5 minutes.,,,,,,,,,,,,,,,,,
Sun Channel Activation - Protocol #407,Right nostril breath control to spark focus and metabolic energy.,1. Block left nostril gently with ring finger.,Time-Bound,Energizing Breathwork,5.0,1.0,Free,Indoor/Outdoor,12.0,99.0,Yes,Structured micro-duration provides a clear cognitive focus anchor without executive function overload.,"Proprioceptive, Rhythm",Solo,Moderate,"Calm, Stress Relief, Focus","Anxious, Stressed, Overwhelmed",anytime,Micro-movements & Breathwork
,,2. Inhale deeply through right nostril for 4s.,,,,,,,,,,,,,,,,,
,,3. Exhale through right nostril for 4s.,,,,,,,,,,,,,,,,,
,,4. Maintain rhythmic right-channel breathing for 5 minutes.,,,,,,,,,,,,,,,,,
Somatic Tremor Shakeout (Variation #408),Vigorous full-body shaking to discharge nervous system tension.,1. Stand with feet shoulder-width apart.,Time-Bound,Therapeutic & Somatic Micro-Movements,5.0,1.0,Free,Indoor/Outdoor,12.0,99.0,Yes,Structured micro-duration provides a clear cognitive focus anchor without executive function overload.,"Proprioceptive, Tactile",Solo,Moderate,"Mobility, Tension Release, Energy","Restless, Stiff, Lethargic",anytime,Micro-movements & Breathwork
,,2. Begin bouncing lightly on heels and shaking wrist joints.,,,,,,,,,,,,,,,,,
,,"3. Allow vibration to travel up shoulders, jaw, and torso.",,,,,,,,,,,,,,,,,
,,4. Shake continuously for 5 minutes to release trapped stress.,,,,,,,,,,,,,,,,,
Cervical Spine Glide Routine (Variation #409),Gentle cervical retractions to relieve tech-neck tightness.,1. Sit tall with chin parallel to floor.,Time-Bound,Desk Mobility & Joint Resets,5.0,1.0,Free,Indoor/Outdoor,12.0,99.0,Yes,Structured micro-duration provides a clear cognitive focus anchor without executive function overload.,"Proprioceptive, Tactile",Solo,Moderate,"Mobility, Tension Release, Energy","Restless, Stiff, Lethargic",anytime,Micro-movements & Breathwork
,,2. Glide chin straight back creating a double chin.,,,,,,,,,,,,,,,,,
,,"3. Hold 3 seconds, release forward smoothly.",,,,,,,,,,,,,,,,,
,,"4. Perform 12 reps, 3 sets across 5 minutes.",,,,,,,,,,,,,,,,,
Productivity Essay Deep-Dive (Drill #410),Structured 5-minute active reading and comprehension exercise focused on productivity essay deep-dive.,1. Select a brief passage focused on productivity essay deep-dive.,Time-Bound,Mindful Reading & Cognitive Micro-Drills,5.0,1.0,Free,Indoor/Outdoor,12.0,99.0,Yes,Structured micro-duration provides a clear cognitive focus anchor without executive function overload.,"Visual, Cognitive",Solo,Low,"Focus, Comprehension, Mental Clarity","Seeking Focus, Distracted, Overwhelmed",anytime,Micro-movements & Breathwork
,,2. Read continuously with active visual tracking for 3 minutes.,,,,,,,,,,,,,,,,,
,,3. Annotate key concepts or write down 2 core summary takeaways.,,,,,,,,,,,,,,,,,
,,4. Conclude with 1 minute of mental consolidation and recall check.,,,,,,,,,,,,,,,,,
Vagus Nerve Ocean Inhale - Protocol #411,Slow rhythmic deep breathing targeting vagal tone stimulation.,1. Sit upright with soft shoulders.,Time-Bound,Calming Breathwork,5.0,1.0,Free,Indoor/Outdoor,12.0,99.0,Yes,Structured micro-duration provides a clear cognitive focus anchor without executive function overload.,"Proprioceptive, Rhythm",Solo,Low,"Calm, Stress Relief, Focus","Anxious, Stressed, Overwhelmed",anytime,Micro-movements & Breathwork
,,2. Inhale deeply into lower abdomen for 5s.,,,,,,,,,,,,,,,,,
,,3. Exhale slowly with a subtle back-of-throat hum for 5s.,,,,,,,,,,,,,,,,,
,,4. Repeat smoothly for 5 minutes.,,,,,,,,,,,,,,,,,
Bellows Vitality Pump - Protocol #412,Rhythmic rapid abdominal pumping to elevate alertness and focus.,1. Sit upright with extended spine.,Time-Bound,Energizing Breathwork,5.0,1.0,Free,Indoor/Outdoor,12.0,99.0,Yes,Structured micro-duration provides a clear cognitive focus anchor without executive function overload.,"Proprioceptive, Rhythm",Solo,Moderate,"Calm, Stress Relief, Focus","Anxious, Stressed, Overwhelmed",anytime,Micro-movements & Breathwork
,,2. Take rapid rhythmic inhales and exhales through nose at 1-second cadence.,,,,,,,,,,,,,,,,,
,,3. Keep chest steady while belly pumps aggressively.,,,,,,,,,,,,,,,,,
,,4. Perform 3 sets of 30 seconds with 15s calm recovery between sets for 5 minutes.,,,,,,,,,,,,,,,,,
Pragmatic Grounding Tap (Variation #413),Rhythmic body tapping protocol to re-anchor spatial awareness.,1. Tap upper chest gently with fingertips for 60s.,Time-Bound,Therapeutic & Somatic Micro-Movements,5.0,1.0,Free,Indoor/Outdoor,12.0,99.0,Yes,Structured micro-duration provides a clear cognitive focus anchor without executive function overload.,"Proprioceptive, Tactile",Solo,Moderate,"Mobility, Tension Release, Energy","Restless, Stiff, Lethargic",anytime,Micro-movements & Breathwork
,,"2. Tap down arms, belly, thighs, and calves sequentially.",,,,,,,,,,,,,,,,,
,,3. Focus on tactile feedback and temperature.,,,,,,,,,,,,,,,,,
,,4. Repeat full-body rhythm 3 times across 5 minutes.,,,,,,,,,,,,,,,,,
Cervical Spine Glide Routine (Variation #414),Gentle cervical retractions to relieve tech-neck tightness.,1. Sit tall with chin parallel to floor.,Time-Bound,Desk Mobility & Joint Resets,5.0,1.0,Free,Indoor/Outdoor,12.0,99.0,Yes,Structured micro-duration provides a clear cognitive focus anchor without executive function overload.,"Proprioceptive, Tactile",Solo,Moderate,"Mobility, Tension Release, Energy","Restless, Stiff, Lethargic",anytime,Micro-movements & Breathwork
,,2. Glide chin straight back creating a double chin.,,,,,,,,,,,,,,,,,
,,"3. Hold 3 seconds, release forward smoothly.",,,,,,,,,,,,,,,,,
,,"4. Perform 12 reps, 3 sets across 5 minutes.",,,,,,,,,,,,,,,,,
Technical Synthesis Reading (Drill #415),Structured 5-minute active reading and comprehension exercise focused on technical synthesis reading.,1. Select a brief passage focused on technical synthesis reading.,Time-Bound,Mindful Reading & Cognitive Micro-Drills,5.0,1.0,Free,Indoor/Outdoor,12.0,99.0,Yes,Structured micro-duration provides a clear cognitive focus anchor without executive function overload.,"Visual, Cognitive",Solo,Low,"Focus, Comprehension, Mental Clarity","Seeking Focus, Distracted, Overwhelmed",anytime,Micro-movements & Breathwork
,,2. Read continuously with active visual tracking for 3 minutes.,,,,,,,,,,,,,,,,,
,,3. Annotate key concepts or write down 2 core summary takeaways.,,,,,,,,,,,,,,,,,
,,4. Conclude with 1 minute of mental consolidation and recall check.,,,,,,,,,,,,,,,,,
Vagus Nerve Ocean Inhale - Protocol #416,Slow rhythmic deep breathing targeting vagal tone stimulation.,1. Sit upright with soft shoulders.,Time-Bound,Calming Breathwork,5.0,1.0,Free,Indoor/Outdoor,12.0,99.0,Yes,Structured micro-duration provides a clear cognitive focus anchor without executive function overload.,"Proprioceptive, Rhythm",Solo,Low,"Calm, Stress Relief, Focus","Anxious, Stressed, Overwhelmed",anytime,Micro-movements & Breathwork
,,2. Inhale deeply into lower abdomen for 5s.,,,,,,,,,,,,,,,,,
,,3. Exhale slowly with a subtle back-of-throat hum for 5s.,,,,,,,,,,,,,,,,,
,,4. Repeat smoothly for 5 minutes.,,,,,,,,,,,,,,,,,
Bellows Vitality Pump - Protocol #417,Rhythmic rapid abdominal pumping to elevate alertness and focus.,1. Sit upright with extended spine.,Time-Bound,Energizing Breathwork,5.0,1.0,Free,Indoor/Outdoor,12.0,99.0,Yes,Structured micro-duration provides a clear cognitive focus anchor without executive function overload.,"Proprioceptive, Rhythm",Solo,Moderate,"Calm, Stress Relief, Focus","Anxious, Stressed, Overwhelmed",anytime,Micro-movements & Breathwork
,,2. Take rapid rhythmic inhales and exhales through nose at 1-second cadence.,,,,,,,,,,,,,,,,,
,,3. Keep chest steady while belly pumps aggressively.,,,,,,,,,,,,,,,,,
,,4. Perform 3 sets of 30 seconds with 15s calm recovery between sets for 5 minutes.,,,,,,,,,,,,,,,,,
Ocular Horizon Tracking (Variation #418),Horizontal ocular motility reset to reduce digital eye strain.,1. Hold thumb out at arm length.,Time-Bound,Therapeutic & Somatic Micro-Movements,5.0,1.0,Free,Indoor/Outdoor,12.0,99.0,Yes,Structured micro-duration provides a clear cognitive focus anchor without executive function overload.,"Proprioceptive, Tactile",Solo,Moderate,"Mobility, Tension Release, Energy","Restless, Stiff, Lethargic",anytime,Micro-movements & Breathwork
,,2. Move thumb slowly left to right while keeping head perfectly still.,,,,,,,,,,,,,,,,,
,,3. Follow thumb tip with eyes only.,,,,,,,,,,,,,,,,,
,,"4. Perform 10 sweeps, rest 10s, repeat for 5 minutes.",,,,,,,,,,,,,,,,,
Seated Thoracic Decompression (Variation #419),Extends stiff thoracic spine after prolonged sitting.,1. Sit at front edge of chair.,Time-Bound,Desk Mobility & Joint Resets,5.0,1.0,Free,Indoor/Outdoor,12.0,99.0,Yes,Structured micro-duration provides a clear cognitive focus anchor without executive function overload.,"Proprioceptive, Tactile",Solo,Moderate,"Mobility, Tension Release, Energy","Restless, Stiff, Lethargic",anytime,Micro-movements & Breathwork
,,"2. Interlace fingers behind head, elbows wide.",,,,,,,,,,,,,,,,,
,,3. Inhale and arch upper back over chair back.,,,,,,,,,,,,,,,,,
,,4. Exhale and gently round forward. Repeat 10 times across 5 minutes.,,,,,,,,,,,,,,,,,
Cognitive Health Article Drill (Drill #420),Structured 5-minute active reading and comprehension exercise focused on cognitive health article drill.,1. Select a brief passage focused on cognitive health article drill.,Time-Bound,Mindful Reading & Cognitive Micro-Drills,5.0,1.0,Free,Indoor/Outdoor,12.0,99.0,Yes,Structured micro-duration provides a clear cognitive focus anchor without executive function overload.,"Visual, Cognitive",Solo,Low,"Focus, Comprehension, Mental Clarity","Seeking Focus, Distracted, Overwhelmed",anytime,Micro-movements & Breathwork
,,2. Read continuously with active visual tracking for 3 minutes.,,,,,,,,,,,,,,,,,
,,3. Annotate key concepts or write down 2 core summary takeaways.,,,,,,,,,,,,,,,,,
,,4. Conclude with 1 minute of mental consolidation and recall check.,,,,,,,,,,,,,,,,,
Diaphragmatic Belly Anchor - Protocol #421,Deep grounding belly breathing to lower heart rate.,1. Place one hand on chest and one on belly.,Time-Bound,Calming Breathwork,5.0,1.0,Free,Indoor/Outdoor,12.0,99.0,Yes,Structured micro-duration provides a clear cognitive focus anchor without executive function overload.,"Proprioceptive, Rhythm",Solo,Low,"Calm, Stress Relief, Focus","Anxious, Stressed, Overwhelmed",anytime,Micro-movements & Breathwork
,,2. Breathe in deeply ensuring only the belly rises for 4s.,,,,,,,,,,,,,,,,,
,,3. Exhale slowly through pursed lips for 6s.,,,,,,,,,,,,,,,,,
,,4. Focus on tactile warmth of your hands for 5 minutes.,,,,,,,,,,,,,,,,,
Bellows Vitality Pump - Protocol #422,Rhythmic rapid abdominal pumping to elevate alertness and focus.,1. Sit upright with extended spine.,Time-Bound,Energizing Breathwork,5.0,1.0,Free,Indoor/Outdoor,12.0,99.0,Yes,Structured micro-duration provides a clear cognitive focus anchor without executive function overload.,"Proprioceptive, Rhythm",Solo,Moderate,"Calm, Stress Relief, Focus","Anxious, Stressed, Overwhelmed",anytime,Micro-movements & Breathwork
,,2. Take rapid rhythmic inhales and exhales through nose at 1-second cadence.,,,,,,,,,,,,,,,,,
,,3. Keep chest steady while belly pumps aggressively.,,,,,,,,,,,,,,,,,
,,4. Perform 3 sets of 30 seconds with 15s calm recovery between sets for 5 minutes.,,,,,,,,,,,,,,,,,
Pragmatic Grounding Tap (Variation #423),Rhythmic body tapping protocol to re-anchor spatial awareness.,1. Tap upper chest gently with fingertips for 60s.,Time-Bound,Therapeutic & Somatic Micro-Movements,5.0,1.0,Free,Indoor/Outdoor,12.0,99.0,Yes,Structured micro-duration provides a clear cognitive focus anchor without executive function overload.,"Proprioceptive, Tactile",Solo,Moderate,"Mobility, Tension Release, Energy","Restless, Stiff, Lethargic",anytime,Micro-movements & Breathwork
,,"2. Tap down arms, belly, thighs, and calves sequentially.",,,,,,,,,,,,,,,,,
,,3. Focus on tactile feedback and temperature.,,,,,,,,,,,,,,,,,
,,4. Repeat full-body rhythm 3 times across 5 minutes.,,,,,,,,,,,,,,,,,
Cervical Spine Glide Routine (Variation #424),Gentle cervical retractions to relieve tech-neck tightness.,1. Sit tall with chin parallel to floor.,Time-Bound,Desk Mobility & Joint Resets,5.0,1.0,Free,Indoor/Outdoor,12.0,99.0,Yes,Structured micro-duration provides a clear cognitive focus anchor without executive function overload.,"Proprioceptive, Tactile",Solo,Moderate,"Mobility, Tension Release, Energy","Restless, Stiff, Lethargic",anytime,Micro-movements & Breathwork
,,2. Glide chin straight back creating a double chin.,,,,,,,,,,,,,,,,,
,,"3. Hold 3 seconds, release forward smoothly.",,,,,,,,,,,,,,,,,
,,"4. Perform 12 reps, 3 sets across 5 minutes.",,,,,,,,,,,,,,,,,
Wisdom Literature Reflection (Drill #425),Structured 5-minute active reading and comprehension exercise focused on wisdom literature reflection.,1. Select a brief passage focused on wisdom literature reflection.,Time-Bound,Mindful Reading & Cognitive Micro-Drills,5.0,1.0,Free,Indoor/Outdoor,12.0,99.0,Yes,Structured micro-duration provides a clear cognitive focus anchor without executive function overload.,"Visual, Cognitive",Solo,Low,"Focus, Comprehension, Mental Clarity","Seeking Focus, Distracted, Overwhelmed",anytime,Micro-movements & Breathwork
,,2. Read continuously with active visual tracking for 3 minutes.,,,,,,,,,,,,,,,,,
,,3. Annotate key concepts or write down 2 core summary takeaways.,,,,,,,,,,,,,,,,,
,,4. Conclude with 1 minute of mental consolidation and recall check.,,,,,,,,,,,,,,,,,
Diaphragmatic Belly Anchor - Protocol #426,Deep grounding belly breathing to lower heart rate.,1. Place one hand on chest and one on belly.,Time-Bound,Calming Breathwork,5.0,1.0,Free,Indoor/Outdoor,12.0,99.0,Yes,Structured micro-duration provides a clear cognitive focus anchor without executive function overload.,"Proprioceptive, Rhythm",Solo,Low,"Calm, Stress Relief, Focus","Anxious, Stressed, Overwhelmed",anytime,Micro-movements & Breathwork
,,2. Breathe in deeply ensuring only the belly rises for 4s.,,,,,,,,,,,,,,,,,
,,3. Exhale slowly through pursed lips for 6s.,,,,,,,,,,,,,,,,,
,,4. Focus on tactile warmth of your hands for 5 minutes.,,,,,,,,,,,,,,,,,
Bellows Vitality Pump - Protocol #427,Rhythmic rapid abdominal pumping to elevate alertness and focus.,1. Sit upright with extended spine.,Time-Bound,Energizing Breathwork,5.0,1.0,Free,Indoor/Outdoor,12.0,99.0,Yes,Structured micro-duration provides a clear cognitive focus anchor without executive function overload.,"Proprioceptive, Rhythm",Solo,Moderate,"Calm, Stress Relief, Focus","Anxious, Stressed, Overwhelmed",anytime,Micro-movements & Breathwork
,,2. Take rapid rhythmic inhales and exhales through nose at 1-second cadence.,,,,,,,,,,,,,,,,,
,,3. Keep chest steady while belly pumps aggressively.,,,,,,,,,,,,,,,,,
,,4. Perform 3 sets of 30 seconds with 15s calm recovery between sets for 5 minutes.,,,,,,,,,,,,,,,,,
Somatic Tremor Shakeout (Variation #428),Vigorous full-body shaking to discharge nervous system tension.,1. Stand with feet shoulder-width apart.,Time-Bound,Therapeutic & Somatic Micro-Movements,5.0,1.0,Free,Indoor/Outdoor,12.0,99.0,Yes,Structured micro-duration provides a clear cognitive focus anchor without executive function overload.,"Proprioceptive, Tactile",Solo,Moderate,"Mobility, Tension Release, Energy","Restless, Stiff, Lethargic",anytime,Micro-movements & Breathwork
,,2. Begin bouncing lightly on heels and shaking wrist joints.,,,,,,,,,,,,,,,,,
,,"3. Allow vibration to travel up shoulders, jaw, and torso.",,,,,,,,,,,,,,,,,
,,4. Shake continuously for 5 minutes to release trapped stress.,,,,,,,,,,,,,,,,,
Cervical Spine Glide Routine (Variation #429),Gentle cervical retractions to relieve tech-neck tightness.,1. Sit tall with chin parallel to floor.,Time-Bound,Desk Mobility & Joint Resets,5.0,1.0,Free,Indoor/Outdoor,12.0,99.0,Yes,Structured micro-duration provides a clear cognitive focus anchor without executive function overload.,"Proprioceptive, Tactile",Solo,Moderate,"Mobility, Tension Release, Energy","Restless, Stiff, Lethargic",anytime,Micro-movements & Breathwork
,,2. Glide chin straight back creating a double chin.,,,,,,,,,,,,,,,,,
,,"3. Hold 3 seconds, release forward smoothly.",,,,,,,,,,,,,,,,,
,,"4. Perform 12 reps, 3 sets across 5 minutes.",,,,,,,,,,,,,,,,,
Creative Prose Speed Analysis (Drill #430),Structured 5-minute active reading and comprehension exercise focused on creative prose speed analysis.,1. Select a brief passage focused on creative prose speed analysis.,Time-Bound,Mindful Reading & Cognitive Micro-Drills,5.0,1.0,Free,Indoor/Outdoor,12.0,99.0,Yes,Structured micro-duration provides a clear cognitive focus anchor without executive function overload.,"Visual, Cognitive",Solo,Low,"Focus, Comprehension, Mental Clarity","Seeking Focus, Distracted, Overwhelmed",anytime,Micro-movements & Breathwork
,,2. Read continuously with active visual tracking for 3 minutes.,,,,,,,,,,,,,,,,,
,,3. Annotate key concepts or write down 2 core summary takeaways.,,,,,,,,,,,,,,,,,
,,4. Conclude with 1 minute of mental consolidation and recall check.,,,,,,,,,,,,,,,,,
Diaphragmatic Belly Anchor - Protocol #431,Deep grounding belly breathing to lower heart rate.,1. Place one hand on chest and one on belly.,Time-Bound,Calming Breathwork,5.0,1.0,Free,Indoor/Outdoor,12.0,99.0,Yes,Structured micro-duration provides a clear cognitive focus anchor without executive function overload.,"Proprioceptive, Rhythm",Solo,Low,"Calm, Stress Relief, Focus","Anxious, Stressed, Overwhelmed",anytime,Micro-movements & Breathwork
,,2. Breathe in deeply ensuring only the belly rises for 4s.,,,,,,,,,,,,,,,,,
,,3. Exhale slowly through pursed lips for 6s.,,,,,,,,,,,,,,,,,
,,4. Focus on tactile warmth of your hands for 5 minutes.,,,,,,,,,,,,,,,,,
Bellows Vitality Pump - Protocol #432,Rhythmic rapid abdominal pumping to elevate alertness and focus.,1. Sit upright with extended spine.,Time-Bound,Energizing Breathwork,5.0,1.0,Free,Indoor/Outdoor,12.0,99.0,Yes,Structured micro-duration provides a clear cognitive focus anchor without executive function overload.,"Proprioceptive, Rhythm",Solo,Moderate,"Calm, Stress Relief, Focus","Anxious, Stressed, Overwhelmed",anytime,Micro-movements & Breathwork
,,2. Take rapid rhythmic inhales and exhales through nose at 1-second cadence.,,,,,,,,,,,,,,,,,
,,3. Keep chest steady while belly pumps aggressively.,,,,,,,,,,,,,,,,,
,,4. Perform 3 sets of 30 seconds with 15s calm recovery between sets for 5 minutes.,,,,,,,,,,,,,,,,,
Somatic Tremor Shakeout (Variation #433),Vigorous full-body shaking to discharge nervous system tension.,1. Stand with feet shoulder-width apart.,Time-Bound,Therapeutic & Somatic Micro-Movements,5.0,1.0,Free,Indoor/Outdoor,12.0,99.0,Yes,Structured micro-duration provides a clear cognitive focus anchor without executive function overload.,"Proprioceptive, Tactile",Solo,Moderate,"Mobility, Tension Release, Energy","Restless, Stiff, Lethargic",anytime,Micro-movements & Breathwork
,,2. Begin bouncing lightly on heels and shaking wrist joints.,,,,,,,,,,,,,,,,,
,,"3. Allow vibration to travel up shoulders, jaw, and torso.",,,,,,,,,,,,,,,,,
,,4. Shake continuously for 5 minutes to release trapped stress.,,,,,,,,,,,,,,,,,
Wrist & Forearm Tension Release (Variation #434),Stretches wrist flexors and extensors for keyboard users.,"1. Extend right arm forward, palm up.",Time-Bound,Desk Mobility & Joint Resets,5.0,1.0,Free,Indoor/Outdoor,12.0,99.0,Yes,Structured micro-duration provides a clear cognitive focus anchor without executive function overload.,"Proprioceptive, Tactile",Solo,Moderate,"Mobility, Tension Release, Energy","Restless, Stiff, Lethargic",anytime,Micro-movements & Breathwork
,,2. Pull fingers down with left hand gently for 30s.,,,,,,,,,,,,,,,,,
,,"3. Flip palm down, pull hand back toward wrist for 30s.",,,,,,,,,,,,,,,,,
,,4. Swap sides and repeat cycles for 5 minutes.,,,,,,,,,,,,,,,,,
Cognitive Health Article Drill (Drill #435),Structured 5-minute active reading and comprehension exercise focused on cognitive health article drill.,1. Select a brief passage focused on cognitive health article drill.,Time-Bound,Mindful Reading & Cognitive Micro-Drills,5.0,1.0,Free,Indoor/Outdoor,12.0,99.0,Yes,Structured micro-duration provides a clear cognitive focus anchor without executive function overload.,"Visual, Cognitive",Solo,Low,"Focus, Comprehension, Mental Clarity","Seeking Focus, Distracted, Overwhelmed",anytime,Micro-movements & Breathwork
,,2. Read continuously with active visual tracking for 3 minutes.,,,,,,,,,,,,,,,,,
,,3. Annotate key concepts or write down 2 core summary takeaways.,,,,,,,,,,,,,,,,,
,,4. Conclude with 1 minute of mental consolidation and recall check.,,,,,,,,,,,,,,,,,
Diaphragmatic Belly Anchor - Protocol #436,Deep grounding belly breathing to lower heart rate.,1. Place one hand on chest and one on belly.,Time-Bound,Calming Breathwork,5.0,1.0,Free,Indoor/Outdoor,12.0,99.0,Yes,Structured micro-duration provides a clear cognitive focus anchor without executive function overload.,"Proprioceptive, Rhythm",Solo,Low,"Calm, Stress Relief, Focus","Anxious, Stressed, Overwhelmed",anytime,Micro-movements & Breathwork
,,2. Breathe in deeply ensuring only the belly rises for 4s.,,,,,,,,,,,,,,,,,
,,3. Exhale slowly through pursed lips for 6s.,,,,,,,,,,,,,,,,,
,,4. Focus on tactile warmth of your hands for 5 minutes.,,,,,,,,,,,,,,,,,
Segmented Morning Inhale - Protocol #437,Staccato three-part inhale to clear brain fog instantly.,1. Take short inhale step 1 into belly.,Time-Bound,Energizing Breathwork,5.0,1.0,Free,Indoor/Outdoor,12.0,99.0,Yes,Structured micro-duration provides a clear cognitive focus anchor without executive function overload.,"Proprioceptive, Rhythm",Solo,Moderate,"Calm, Stress Relief, Focus","Anxious, Stressed, Overwhelmed",anytime,Micro-movements & Breathwork
,,2. Take short inhale step 2 into chest.,,,,,,,,,,,,,,,,,
,,3. Take short inhale step 3 into collarbones.,,,,,,,,,,,,,,,,,
,,4. Exhale smooth and unforced. Repeat for 5 minutes.,,,,,,,,,,,,,,,,,
Ocular Horizon Tracking (Variation #438),Horizontal ocular motility reset to reduce digital eye strain.,1. Hold thumb out at arm length.,Time-Bound,Therapeutic & Somatic Micro-Movements,5.0,1.0,Free,Indoor/Outdoor,12.0,99.0,Yes,Structured micro-duration provides a clear cognitive focus anchor without executive function overload.,"Proprioceptive, Tactile",Solo,Moderate,"Mobility, Tension Release, Energy","Restless, Stiff, Lethargic",anytime,Micro-movements & Breathwork
,,2. Move thumb slowly left to right while keeping head perfectly still.,,,,,,,,,,,,,,,,,
,,3. Follow thumb tip with eyes only.,,,,,,,,,,,,,,,,,
,,"4. Perform 10 sweeps, rest 10s, repeat for 5 minutes.",,,,,,,,,,,,,,,,,
Wrist & Forearm Tension Release (Variation #439),Stretches wrist flexors and extensors for keyboard users.,"1. Extend right arm forward, palm up.",Time-Bound,Desk Mobility & Joint Resets,5.0,1.0,Free,Indoor/Outdoor,12.0,99.0,Yes,Structured micro-duration provides a clear cognitive focus anchor without executive function overload.,"Proprioceptive, Tactile",Solo,Moderate,"Mobility, Tension Release, Energy","Restless, Stiff, Lethargic",anytime,Micro-movements & Breathwork
,,2. Pull fingers down with left hand gently for 30s.,,,,,,,,,,,,,,,,,
,,"3. Flip palm down, pull hand back toward wrist for 30s.",,,,,,,,,,,,,,,,,
,,4. Swap sides and repeat cycles for 5 minutes.,,,,,,,,,,,,,,,,,
Stoic Maxims Comprehension (Drill #440),Structured 5-minute active reading and comprehension exercise focused on stoic maxims comprehension.,1. Select a brief passage focused on stoic maxims comprehension.,Time-Bound,Mindful Reading & Cognitive Micro-Drills,5.0,1.0,Free,Indoor/Outdoor,12.0,99.0,Yes,Structured micro-duration provides a clear cognitive focus anchor without executive function overload.,"Visual, Cognitive",Solo,Low,"Focus, Comprehension, Mental Clarity","Seeking Focus, Distracted, Overwhelmed",anytime,Micro-movements & Breathwork
,,2. Read continuously with active visual tracking for 3 minutes.,,,,,,,,,,,,,,,,,
,,3. Annotate key concepts or write down 2 core summary takeaways.,,,,,,,,,,,,,,,,,
,,4. Conclude with 1 minute of mental consolidation and recall check.,,,,,,,,,,,,,,,,,
Vagus Nerve Ocean Inhale - Protocol #441,Slow rhythmic deep breathing targeting vagal tone stimulation.,1. Sit upright with soft shoulders.,Time-Bound,Calming Breathwork,5.0,1.0,Free,Indoor/Outdoor,12.0,99.0,Yes,Structured micro-duration provides a clear cognitive focus anchor without executive function overload.,"Proprioceptive, Rhythm",Solo,Low,"Calm, Stress Relief, Focus","Anxious, Stressed, Overwhelmed",anytime,Micro-movements & Breathwork
,,2. Inhale deeply into lower abdomen for 5s.,,,,,,,,,,,,,,,,,
,,3. Exhale slowly with a subtle back-of-throat hum for 5s.,,,,,,,,,,,,,,,,,
,,4. Repeat smoothly for 5 minutes.,,,,,,,,,,,,,,,,,
Segmented Morning Inhale - Protocol #442,Staccato three-part inhale to clear brain fog instantly.,1. Take short inhale step 1 into belly.,Time-Bound,Energizing Breathwork,5.0,1.0,Free,Indoor/Outdoor,12.0,99.0,Yes,Structured micro-duration provides a clear cognitive focus anchor without executive function overload.,"Proprioceptive, Rhythm",Solo,Moderate,"Calm, Stress Relief, Focus","Anxious, Stressed, Overwhelmed",anytime,Micro-movements & Breathwork
,,2. Take short inhale step 2 into chest.,,,,,,,,,,,,,,,,,
,,3. Take short inhale step 3 into collarbones.,,,,,,,,,,,,,,,,,
,,4. Exhale smooth and unforced. Repeat for 5 minutes.,,,,,,,,,,,,,,,,,
Somatic Tremor Shakeout (Variation #443),Vigorous full-body shaking to discharge nervous system tension.,1. Stand with feet shoulder-width apart.,Time-Bound,Therapeutic & Somatic Micro-Movements,5.0,1.0,Free,Indoor/Outdoor,12.0,99.0,Yes,Structured micro-duration provides a clear cognitive focus anchor without executive function overload.,"Proprioceptive, Tactile",Solo,Moderate,"Mobility, Tension Release, Energy","Restless, Stiff, Lethargic",anytime,Micro-movements & Breathwork
,,2. Begin bouncing lightly on heels and shaking wrist joints.,,,,,,,,,,,,,,,,,
,,"3. Allow vibration to travel up shoulders, jaw, and torso.",,,,,,,,,,,,,,,,,
,,4. Shake continuously for 5 minutes to release trapped stress.,,,,,,,,,,,,,,,,,
Wrist & Forearm Tension Release (Variation #444),Stretches wrist flexors and extensors for keyboard users.,"1. Extend right arm forward, palm up.",Time-Bound,Desk Mobility & Joint Resets,5.0,1.0,Free,Indoor/Outdoor,12.0,99.0,Yes,Structured micro-duration provides a clear cognitive focus anchor without executive function overload.,"Proprioceptive, Tactile",Solo,Moderate,"Mobility, Tension Release, Energy","Restless, Stiff, Lethargic",anytime,Micro-movements & Breathwork
,,2. Pull fingers down with left hand gently for 30s.,,,,,,,,,,,,,,,,,
,,"3. Flip palm down, pull hand back toward wrist for 30s.",,,,,,,,,,,,,,,,,
,,4. Swap sides and repeat cycles for 5 minutes.,,,,,,,,,,,,,,,,,
Mindful Non-Fiction Passage (Drill #445),Structured 5-minute active reading and comprehension exercise focused on mindful non-fiction passage.,1. Select a brief passage focused on mindful non-fiction passage.,Time-Bound,Mindful Reading & Cognitive Micro-Drills,5.0,1.0,Free,Indoor/Outdoor,12.0,99.0,Yes,Structured micro-duration provides a clear cognitive focus anchor without executive function overload.,"Visual, Cognitive",Solo,Low,"Focus, Comprehension, Mental Clarity","Seeking Focus, Distracted, Overwhelmed",anytime,Micro-movements & Breathwork
,,2. Read continuously with active visual tracking for 3 minutes.,,,,,,,,,,,,,,,,,
,,3. Annotate key concepts or write down 2 core summary takeaways.,,,,,,,,,,,,,,,,,
,,4. Conclude with 1 minute of mental consolidation and recall check.,,,,,,,,,,,,,,,,,
Vagus Nerve Ocean Inhale - Protocol #446,Slow rhythmic deep breathing targeting vagal tone stimulation.,1. Sit upright with soft shoulders.,Time-Bound,Calming Breathwork,5.0,1.0,Free,Indoor/Outdoor,12.0,99.0,Yes,Structured micro-duration provides a clear cognitive focus anchor without executive function overload.,"Proprioceptive, Rhythm",Solo,Low,"Calm, Stress Relief, Focus","Anxious, Stressed, Overwhelmed",anytime,Micro-movements & Breathwork
,,2. Inhale deeply into lower abdomen for 5s.,,,,,,,,,,,,,,,,,
,,3. Exhale slowly with a subtle back-of-throat hum for 5s.,,,,,,,,,,,,,,,,,
,,4. Repeat smoothly for 5 minutes.,,,,,,,,,,,,,,,,,
Segmented Morning Inhale - Protocol #447,Staccato three-part inhale to clear brain fog instantly.,1. Take short inhale step 1 into belly.,Time-Bound,Energizing Breathwork,5.0,1.0,Free,Indoor/Outdoor,12.0,99.0,Yes,Structured micro-duration provides a clear cognitive focus anchor without executive function overload.,"Proprioceptive, Rhythm",Solo,Moderate,"Calm, Stress Relief, Focus","Anxious, Stressed, Overwhelmed",anytime,Micro-movements & Breathwork
,,2. Take short inhale step 2 into chest.,,,,,,,,,,,,,,,,,
,,3. Take short inhale step 3 into collarbones.,,,,,,,,,,,,,,,,,
,,4. Exhale smooth and unforced. Repeat for 5 minutes.,,,,,,,,,,,,,,,,,
Pragmatic Grounding Tap (Variation #448),Rhythmic body tapping protocol to re-anchor spatial awareness.,1. Tap upper chest gently with fingertips for 60s.,Time-Bound,Therapeutic & Somatic Micro-Movements,5.0,1.0,Free,Indoor/Outdoor,12.0,99.0,Yes,Structured micro-duration provides a clear cognitive focus anchor without executive function overload.,"Proprioceptive, Tactile",Solo,Moderate,"Mobility, Tension Release, Energy","Restless, Stiff, Lethargic",anytime,Micro-movements & Breathwork
,,"2. Tap down arms, belly, thighs, and calves sequentially.",,,,,,,,,,,,,,,,,
,,3. Focus on tactile feedback and temperature.,,,,,,,,,,,,,,,,,
,,4. Repeat full-body rhythm 3 times across 5 minutes.,,,,,,,,,,,,,,,,,
Seated Thoracic Decompression (Variation #449),Extends stiff thoracic spine after prolonged sitting.,1. Sit at front edge of chair.,Time-Bound,Desk Mobility & Joint Resets,5.0,1.0,Free,Indoor/Outdoor,12.0,99.0,Yes,Structured micro-duration provides a clear cognitive focus anchor without executive function overload.,"Proprioceptive, Tactile",Solo,Moderate,"Mobility, Tension Release, Energy","Restless, Stiff, Lethargic",anytime,Micro-movements & Breathwork
,,"2. Interlace fingers behind head, elbows wide.",,,,,,,,,,,,,,,,,
,,3. Inhale and arch upper back over chair back.,,,,,,,,,,,,,,,,,
,,4. Exhale and gently round forward. Repeat 10 times across 5 minutes.,,,,,,,,,,,,,,,,,
Creative Prose Speed Analysis (Drill #450),Structured 5-minute active reading and comprehension exercise focused on creative prose speed analysis.,1. Select a brief passage focused on creative prose speed analysis.,Time-Bound,Mindful Reading & Cognitive Micro-Drills,5.0,1.0,Free,Indoor/Outdoor,12.0,99.0,Yes,Structured micro-duration provides a clear cognitive focus anchor without executive function overload.,"Visual, Cognitive",Solo,Low,"Focus, Comprehension, Mental Clarity","Seeking Focus, Distracted, Overwhelmed",anytime,Micro-movements & Breathwork
,,2. Read continuously with active visual tracking for 3 minutes.,,,,,,,,,,,,,,,,,
,,3. Annotate key concepts or write down 2 core summary takeaways.,,,,,,,,,,,,,,,,,
,,4. Conclude with 1 minute of mental consolidation and recall check.,,,,,,,,,,,,,,,,,
Diaphragmatic Belly Anchor - Protocol #451,Deep grounding belly breathing to lower heart rate.,1. Place one hand on chest and one on belly.,Time-Bound,Calming Breathwork,5.0,1.0,Free,Indoor/Outdoor,12.0,99.0,Yes,Structured micro-duration provides a clear cognitive focus anchor without executive function overload.,"Proprioceptive, Rhythm",Solo,Low,"Calm, Stress Relief, Focus","Anxious, Stressed, Overwhelmed",anytime,Micro-movements & Breathwork
,,2. Breathe in deeply ensuring only the belly rises for 4s.,,,,,,,,,,,,,,,,,
,,3. Exhale slowly through pursed lips for 6s.,,,,,,,,,,,,,,,,,
,,4. Focus on tactile warmth of your hands for 5 minutes.,,,,,,,,,,,,,,,,,
Sun Channel Activation - Protocol #452,Right nostril breath control to spark focus and metabolic energy.,1. Block left nostril gently with ring finger.,Time-Bound,Energizing Breathwork,5.0,1.0,Free,Indoor/Outdoor,12.0,99.0,Yes,Structured micro-duration provides a clear cognitive focus anchor without executive function overload.,"Proprioceptive, Rhythm",Solo,Moderate,"Calm, Stress Relief, Focus","Anxious, Stressed, Overwhelmed",anytime,Micro-movements & Breathwork
,,2. Inhale deeply through right nostril for 4s.,,,,,,,,,,,,,,,,,
,,3. Exhale through right nostril for 4s.,,,,,,,,,,,,,,,,,
,,4. Maintain rhythmic right-channel breathing for 5 minutes.,,,,,,,,,,,,,,,,,
Somatic Tremor Shakeout (Variation #453),Vigorous full-body shaking to discharge nervous system tension.,1. Stand with feet shoulder-width apart.,Time-Bound,Therapeutic & Somatic Micro-Movements,5.0,1.0,Free,Indoor/Outdoor,12.0,99.0,Yes,Structured micro-duration provides a clear cognitive focus anchor without executive function overload.,"Proprioceptive, Tactile",Solo,Moderate,"Mobility, Tension Release, Energy","Restless, Stiff, Lethargic",anytime,Micro-movements & Breathwork
,,2. Begin bouncing lightly on heels and shaking wrist joints.,,,,,,,,,,,,,,,,,
,,"3. Allow vibration to travel up shoulders, jaw, and torso.",,,,,,,,,,,,,,,,,
,,4. Shake continuously for 5 minutes to release trapped stress.,,,,,,,,,,,,,,,,,
Wrist & Forearm Tension Release (Variation #454),Stretches wrist flexors and extensors for keyboard users.,"1. Extend right arm forward, palm up.",Time-Bound,Desk Mobility & Joint Resets,5.0,1.0,Free,Indoor/Outdoor,12.0,99.0,Yes,Structured micro-duration provides a clear cognitive focus anchor without executive function overload.,"Proprioceptive, Tactile",Solo,Moderate,"Mobility, Tension Release, Energy","Restless, Stiff, Lethargic",anytime,Micro-movements & Breathwork
,,2. Pull fingers down with left hand gently for 30s.,,,,,,,,,,,,,,,,,
,,"3. Flip palm down, pull hand back toward wrist for 30s.",,,,,,,,,,,,,,,,,
,,4. Swap sides and repeat cycles for 5 minutes.,,,,,,,,,,,,,,,,,
Scientific Paper Abstract Review (Drill #455),Structured 5-minute active reading and comprehension exercise focused on scientific paper abstract review.,1. Select a brief passage focused on scientific paper abstract review.,Time-Bound,Mindful Reading & Cognitive Micro-Drills,5.0,1.0,Free,Indoor/Outdoor,12.0,99.0,Yes,Structured micro-duration provides a clear cognitive focus anchor without executive function overload.,"Visual, Cognitive",Solo,Low,"Focus, Comprehension, Mental Clarity","Seeking Focus, Distracted, Overwhelmed",anytime,Micro-movements & Breathwork
,,2. Read continuously with active visual tracking for 3 minutes.,,,,,,,,,,,,,,,,,
,,3. Annotate key concepts or write down 2 core summary takeaways.,,,,,,,,,,,,,,,,,
,,4. Conclude with 1 minute of mental consolidation and recall check.,,,,,,,,,,,,,,,,,
Diaphragmatic Belly Anchor - Protocol #456,Deep grounding belly breathing to lower heart rate.,1. Place one hand on chest and one on belly.,Time-Bound,Calming Breathwork,5.0,1.0,Free,Indoor/Outdoor,12.0,99.0,Yes,Structured micro-duration provides a clear cognitive focus anchor without executive function overload.,"Proprioceptive, Rhythm",Solo,Low,"Calm, Stress Relief, Focus","Anxious, Stressed, Overwhelmed",anytime,Micro-movements & Breathwork
,,2. Breathe in deeply ensuring only the belly rises for 4s.,,,,,,,,,,,,,,,,,
,,3. Exhale slowly through pursed lips for 6s.,,,,,,,,,,,,,,,,,
,,4. Focus on tactile warmth of your hands for 5 minutes.,,,,,,,,,,,,,,,,,
Sun Channel Activation - Protocol #457,Right nostril breath control to spark focus and metabolic energy.,1. Block left nostril gently with ring finger.,Time-Bound,Energizing Breathwork,5.0,1.0,Free,Indoor/Outdoor,12.0,99.0,Yes,Structured micro-duration provides a clear cognitive focus anchor without executive function overload.,"Proprioceptive, Rhythm",Solo,Moderate,"Calm, Stress Relief, Focus","Anxious, Stressed, Overwhelmed",anytime,Micro-movements & Breathwork
,,2. Inhale deeply through right nostril for 4s.,,,,,,,,,,,,,,,,,
,,3. Exhale through right nostril for 4s.,,,,,,,,,,,,,,,,,
,,4. Maintain rhythmic right-channel breathing for 5 minutes.,,,,,,,,,,,,,,,,,
Pragmatic Grounding Tap (Variation #458),Rhythmic body tapping protocol to re-anchor spatial awareness.,1. Tap upper chest gently with fingertips for 60s.,Time-Bound,Therapeutic & Somatic Micro-Movements,5.0,1.0,Free,Indoor/Outdoor,12.0,99.0,Yes,Structured micro-duration provides a clear cognitive focus anchor without executive function overload.,"Proprioceptive, Tactile",Solo,Moderate,"Mobility, Tension Release, Energy","Restless, Stiff, Lethargic",anytime,Micro-movements & Breathwork
,,"2. Tap down arms, belly, thighs, and calves sequentially.",,,,,,,,,,,,,,,,,
,,3. Focus on tactile feedback and temperature.,,,,,,,,,,,,,,,,,
,,4. Repeat full-body rhythm 3 times across 5 minutes.,,,,,,,,,,,,,,,,,
Cervical Spine Glide Routine (Variation #459),Gentle cervical retractions to relieve tech-neck tightness.,1. Sit tall with chin parallel to floor.,Time-Bound,Desk Mobility & Joint Resets,5.0,1.0,Free,Indoor/Outdoor,12.0,99.0,Yes,Structured micro-duration provides a clear cognitive focus anchor without executive function overload.,"Proprioceptive, Tactile",Solo,Moderate,"Mobility, Tension Release, Energy","Restless, Stiff, Lethargic",anytime,Micro-movements & Breathwork
,,2. Glide chin straight back creating a double chin.,,,,,,,,,,,,,,,,,
,,"3. Hold 3 seconds, release forward smoothly.",,,,,,,,,,,,,,,,,
,,"4. Perform 12 reps, 3 sets across 5 minutes.",,,,,,,,,,,,,,,,,
Psychology Insight Parsing (Drill #460),Structured 5-minute active reading and comprehension exercise focused on psychology insight parsing.,1. Select a brief passage focused on psychology insight parsing.,Time-Bound,Mindful Reading & Cognitive Micro-Drills,5.0,1.0,Free,Indoor/Outdoor,12.0,99.0,Yes,Structured micro-duration provides a clear cognitive focus anchor without executive function overload.,"Visual, Cognitive",Solo,Low,"Focus, Comprehension, Mental Clarity","Seeking Focus, Distracted, Overwhelmed",anytime,Micro-movements & Breathwork
,,2. Read continuously with active visual tracking for 3 minutes.,,,,,,,,,,,,,,,,,
,,3. Annotate key concepts or write down 2 core summary takeaways.,,,,,,,,,,,,,,,,,
,,4. Conclude with 1 minute of mental consolidation and recall check.,,,,,,,,,,,,,,,,,
Diaphragmatic Belly Anchor - Protocol #461,Deep grounding belly breathing to lower heart rate.,1. Place one hand on chest and one on belly.,Time-Bound,Calming Breathwork,5.0,1.0,Free,Indoor/Outdoor,12.0,99.0,Yes,Structured micro-duration provides a clear cognitive focus anchor without executive function overload.,"Proprioceptive, Rhythm",Solo,Low,"Calm, Stress Relief, Focus","Anxious, Stressed, Overwhelmed",anytime,Micro-movements & Breathwork
,,2. Breathe in deeply ensuring only the belly rises for 4s.,,,,,,,,,,,,,,,,,
,,3. Exhale slowly through pursed lips for 6s.,,,,,,,,,,,,,,,,,
,,4. Focus on tactile warmth of your hands for 5 minutes.,,,,,,,,,,,,,,,,,
Sun Channel Activation - Protocol #462,Right nostril breath control to spark focus and metabolic energy.,1. Block left nostril gently with ring finger.,Time-Bound,Energizing Breathwork,5.0,1.0,Free,Indoor/Outdoor,12.0,99.0,Yes,Structured micro-duration provides a clear cognitive focus anchor without executive function overload.,"Proprioceptive, Rhythm",Solo,Moderate,"Calm, Stress Relief, Focus","Anxious, Stressed, Overwhelmed",anytime,Micro-movements & Breathwork
,,2. Inhale deeply through right nostril for 4s.,,,,,,,,,,,,,,,,,
,,3. Exhale through right nostril for 4s.,,,,,,,,,,,,,,,,,
,,4. Maintain rhythmic right-channel breathing for 5 minutes.,,,,,,,,,,,,,,,,,
Somatic Tremor Shakeout (Variation #463),Vigorous full-body shaking to discharge nervous system tension.,1. Stand with feet shoulder-width apart.,Time-Bound,Therapeutic & Somatic Micro-Movements,5.0,1.0,Free,Indoor/Outdoor,12.0,99.0,Yes,Structured micro-duration provides a clear cognitive focus anchor without executive function overload.,"Proprioceptive, Tactile",Solo,Moderate,"Mobility, Tension Release, Energy","Restless, Stiff, Lethargic",anytime,Micro-movements & Breathwork
,,2. Begin bouncing lightly on heels and shaking wrist joints.,,,,,,,,,,,,,,,,,
,,"3. Allow vibration to travel up shoulders, jaw, and torso.",,,,,,,,,,,,,,,,,
,,4. Shake continuously for 5 minutes to release trapped stress.,,,,,,,,,,,,,,,,,
Seated Thoracic Decompression (Variation #464),Extends stiff thoracic spine after prolonged sitting.,1. Sit at front edge of chair.,Time-Bound,Desk Mobility & Joint Resets,5.0,1.0,Free,Indoor/Outdoor,12.0,99.0,Yes,Structured micro-duration provides a clear cognitive focus anchor without executive function overload.,"Proprioceptive, Tactile",Solo,Moderate,"Mobility, Tension Release, Energy","Restless, Stiff, Lethargic",anytime,Micro-movements & Breathwork
,,"2. Interlace fingers behind head, elbows wide.",,,,,,,,,,,,,,,,,
,,3. Inhale and arch upper back over chair back.,,,,,,,,,,,,,,,,,
,,4. Exhale and gently round forward. Repeat 10 times across 5 minutes.,,,,,,,,,,,,,,,,,
Wisdom Literature Reflection (Drill #465),Structured 5-minute active reading and comprehension exercise focused on wisdom literature reflection.,1. Select a brief passage focused on wisdom literature reflection.,Time-Bound,Mindful Reading & Cognitive Micro-Drills,5.0,1.0,Free,Indoor/Outdoor,12.0,99.0,Yes,Structured micro-duration provides a clear cognitive focus anchor without executive function overload.,"Visual, Cognitive",Solo,Low,"Focus, Comprehension, Mental Clarity","Seeking Focus, Distracted, Overwhelmed",anytime,Micro-movements & Breathwork
,,2. Read continuously with active visual tracking for 3 minutes.,,,,,,,,,,,,,,,,,
,,3. Annotate key concepts or write down 2 core summary takeaways.,,,,,,,,,,,,,,,,,
,,4. Conclude with 1 minute of mental consolidation and recall check.,,,,,,,,,,,,,,,,,
4-8 Cadence Decompression - Protocol #466,Extended exhale pattern engineered for immediate nervous system down-regulation.,1. Inhale nose for 4 seconds.,Time-Bound,Calming Breathwork,5.0,1.0,Free,Indoor/Outdoor,12.0,99.0,Yes,Structured micro-duration provides a clear cognitive focus anchor without executive function overload.,"Proprioceptive, Rhythm",Solo,Low,"Calm, Stress Relief, Focus","Anxious, Stressed, Overwhelmed",anytime,Micro-movements & Breathwork
,,2. Exhale slowly and completely through mouth for 8 seconds.,,,,,,,,,,,,,,,,,
,,3. Pause 1 second at the bottom.,,,,,,,,,,,,,,,,,
,,4. Repeat cycle for 5 minutes.,,,,,,,,,,,,,,,,,
Sun Channel Activation - Protocol #467,Right nostril breath control to spark focus and metabolic energy.,1. Block left nostril gently with ring finger.,Time-Bound,Energizing Breathwork,5.0,1.0,Free,Indoor/Outdoor,12.0,99.0,Yes,Structured micro-duration provides a clear cognitive focus anchor without executive function overload.,"Proprioceptive, Rhythm",Solo,Moderate,"Calm, Stress Relief, Focus","Anxious, Stressed, Overwhelmed",anytime,Micro-movements & Breathwork
,,2. Inhale deeply through right nostril for 4s.,,,,,,,,,,,,,,,,,
,,3. Exhale through right nostril for 4s.,,,,,,,,,,,,,,,,,
,,4. Maintain rhythmic right-channel breathing for 5 minutes.,,,,,,,,,,,,,,,,,
Ocular Horizon Tracking (Variation #468),Horizontal ocular motility reset to reduce digital eye strain.,1. Hold thumb out at arm length.,Time-Bound,Therapeutic & Somatic Micro-Movements,5.0,1.0,Free,Indoor/Outdoor,12.0,99.0,Yes,Structured micro-duration provides a clear cognitive focus anchor without executive function overload.,"Proprioceptive, Tactile",Solo,Moderate,"Mobility, Tension Release, Energy","Restless, Stiff, Lethargic",anytime,Micro-movements & Breathwork
,,2. Move thumb slowly left to right while keeping head perfectly still.,,,,,,,,,,,,,,,,,
,,3. Follow thumb tip with eyes only.,,,,,,,,,,,,,,,,,
,,"4. Perform 10 sweeps, rest 10s, repeat for 5 minutes.",,,,,,,,,,,,,,,,,
Seated Thoracic Decompression (Variation #469),Extends stiff thoracic spine after prolonged sitting.,1. Sit at front edge of chair.,Time-Bound,Desk Mobility & Joint Resets,5.0,1.0,Free,Indoor/Outdoor,12.0,99.0,Yes,Structured micro-duration provides a clear cognitive focus anchor without executive function overload.,"Proprioceptive, Tactile",Solo,Moderate,"Mobility, Tension Release, Energy","Restless, Stiff, Lethargic",anytime,Micro-movements & Breathwork
,,"2. Interlace fingers behind head, elbows wide.",,,,,,,,,,,,,,,,,
,,3. Inhale and arch upper back over chair back.,,,,,,,,,,,,,,,,,
,,4. Exhale and gently round forward. Repeat 10 times across 5 minutes.,,,,,,,,,,,,,,,,,
Stoic Maxims Comprehension (Drill #470),Structured 5-minute active reading and comprehension exercise focused on stoic maxims comprehension.,1. Select a brief passage focused on stoic maxims comprehension.,Time-Bound,Mindful Reading & Cognitive Micro-Drills,5.0,1.0,Free,Indoor/Outdoor,12.0,99.0,Yes,Structured micro-duration provides a clear cognitive focus anchor without executive function overload.,"Visual, Cognitive",Solo,Low,"Focus, Comprehension, Mental Clarity","Seeking Focus, Distracted, Overwhelmed",anytime,Micro-movements & Breathwork
,,2. Read continuously with active visual tracking for 3 minutes.,,,,,,,,,,,,,,,,,
,,3. Annotate key concepts or write down 2 core summary takeaways.,,,,,,,,,,,,,,,,,
,,4. Conclude with 1 minute of mental consolidation and recall check.,,,,,,,,,,,,,,,,,
Resonant Box Breath - Protocol #471,A balanced 4-4-4-4 rhythm to soothe the central nervous system.,1. Inhale through nose for 4 seconds.,Time-Bound,Calming Breathwork,5.0,1.0,Free,Indoor/Outdoor,12.0,99.0,Yes,Structured micro-duration provides a clear cognitive focus anchor without executive function overload.,"Proprioceptive, Rhythm",Solo,Low,"Calm, Stress Relief, Focus","Anxious, Stressed, Overwhelmed",anytime,Micro-movements & Breathwork
,,2. Hold breath for 4 seconds.,,,,,,,,,,,,,,,,,
,,3. Exhale through mouth for 4 seconds.,,,,,,,,,,,,,,,,,
,,4. Hold empty for 4 seconds. Repeat for 5 minutes.,,,,,,,,,,,,,,,,,
Segmented Morning Inhale - Protocol #472,Staccato three-part inhale to clear brain fog instantly.,1. Take short inhale step 1 into belly.,Time-Bound,Energizing Breathwork,5.0,1.0,Free,Indoor/Outdoor,12.0,99.0,Yes,Structured micro-duration provides a clear cognitive focus anchor without executive function overload.,"Proprioceptive, Rhythm",Solo,Moderate,"Calm, Stress Relief, Focus","Anxious, Stressed, Overwhelmed",anytime,Micro-movements & Breathwork
,,2. Take short inhale step 2 into chest.,,,,,,,,,,,,,,,,,
,,3. Take short inhale step 3 into collarbones.,,,,,,,,,,,,,,,,,
,,4. Exhale smooth and unforced. Repeat for 5 minutes.,,,,,,,,,,,,,,,,,
Pragmatic Grounding Tap (Variation #473),Rhythmic body tapping protocol to re-anchor spatial awareness.,1. Tap upper chest gently with fingertips for 60s.,Time-Bound,Therapeutic & Somatic Micro-Movements,5.0,1.0,Free,Indoor/Outdoor,12.0,99.0,Yes,Structured micro-duration provides a clear cognitive focus anchor without executive function overload.,"Proprioceptive, Tactile",Solo,Moderate,"Mobility, Tension Release, Energy","Restless, Stiff, Lethargic",anytime,Micro-movements & Breathwork
,,"2. Tap down arms, belly, thighs, and calves sequentially.",,,,,,,,,,,,,,,,,
,,3. Focus on tactile feedback and temperature.,,,,,,,,,,,,,,,,,
,,4. Repeat full-body rhythm 3 times across 5 minutes.,,,,,,,,,,,,,,,,,
Seated Thoracic Decompression (Variation #474),Extends stiff thoracic spine after prolonged sitting.,1. Sit at front edge of chair.,Time-Bound,Desk Mobility & Joint Resets,5.0,1.0,Free,Indoor/Outdoor,12.0,99.0,Yes,Structured micro-duration provides a clear cognitive focus anchor without executive function overload.,"Proprioceptive, Tactile",Solo,Moderate,"Mobility, Tension Release, Energy","Restless, Stiff, Lethargic",anytime,Micro-movements & Breathwork
,,"2. Interlace fingers behind head, elbows wide.",,,,,,,,,,,,,,,,,
,,3. Inhale and arch upper back over chair back.,,,,,,,,,,,,,,,,,
,,4. Exhale and gently round forward. Repeat 10 times across 5 minutes.,,,,,,,,,,,,,,,,,
Creative Prose Speed Analysis (Drill #475),Structured 5-minute active reading and comprehension exercise focused on creative prose speed analysis.,1. Select a brief passage focused on creative prose speed analysis.,Time-Bound,Mindful Reading & Cognitive Micro-Drills,5.0,1.0,Free,Indoor/Outdoor,12.0,99.0,Yes,Structured micro-duration provides a clear cognitive focus anchor without executive function overload.,"Visual, Cognitive",Solo,Low,"Focus, Comprehension, Mental Clarity","Seeking Focus, Distracted, Overwhelmed",anytime,Micro-movements & Breathwork
,,2. Read continuously with active visual tracking for 3 minutes.,,,,,,,,,,,,,,,,,
,,3. Annotate key concepts or write down 2 core summary takeaways.,,,,,,,,,,,,,,,,,
,,4. Conclude with 1 minute of mental consolidation and recall check.,,,,,,,,,,,,,,,,,
Diaphragmatic Belly Anchor - Protocol #476,Deep grounding belly breathing to lower heart rate.,1. Place one hand on chest and one on belly.,Time-Bound,Calming Breathwork,5.0,1.0,Free,Indoor/Outdoor,12.0,99.0,Yes,Structured micro-duration provides a clear cognitive focus anchor without executive function overload.,"Proprioceptive, Rhythm",Solo,Low,"Calm, Stress Relief, Focus","Anxious, Stressed, Overwhelmed",anytime,Micro-movements & Breathwork
,,2. Breathe in deeply ensuring only the belly rises for 4s.,,,,,,,,,,,,,,,,,
,,3. Exhale slowly through pursed lips for 6s.,,,,,,,,,,,,,,,,,
,,4. Focus on tactile warmth of your hands for 5 minutes.,,,,,,,,,,,,,,,,,
Segmented Morning Inhale - Protocol #477,Staccato three-part inhale to clear brain fog instantly.,1. Take short inhale step 1 into belly.,Time-Bound,Energizing Breathwork,5.0,1.0,Free,Indoor/Outdoor,12.0,99.0,Yes,Structured micro-duration provides a clear cognitive focus anchor without executive function overload.,"Proprioceptive, Rhythm",Solo,Moderate,"Calm, Stress Relief, Focus","Anxious, Stressed, Overwhelmed",anytime,Micro-movements & Breathwork
,,2. Take short inhale step 2 into chest.,,,,,,,,,,,,,,,,,
,,3. Take short inhale step 3 into collarbones.,,,,,,,,,,,,,,,,,
,,4. Exhale smooth and unforced. Repeat for 5 minutes.,,,,,,,,,,,,,,,,,
Pragmatic Grounding Tap (Variation #478),Rhythmic body tapping protocol to re-anchor spatial awareness.,1. Tap upper chest gently with fingertips for 60s.,Time-Bound,Therapeutic & Somatic Micro-Movements,5.0,1.0,Free,Indoor/Outdoor,12.0,99.0,Yes,Structured micro-duration provides a clear cognitive focus anchor without executive function overload.,"Proprioceptive, Tactile",Solo,Moderate,"Mobility, Tension Release, Energy","Restless, Stiff, Lethargic",anytime,Micro-movements & Breathwork
,,"2. Tap down arms, belly, thighs, and calves sequentially.",,,,,,,,,,,,,,,,,
,,3. Focus on tactile feedback and temperature.,,,,,,,,,,,,,,,,,
,,4. Repeat full-body rhythm 3 times across 5 minutes.,,,,,,,,,,,,,,,,,
Cervical Spine Glide Routine (Variation #479),Gentle cervical retractions to relieve tech-neck tightness.,1. Sit tall with chin parallel to floor.,Time-Bound,Desk Mobility & Joint Resets,5.0,1.0,Free,Indoor/Outdoor,12.0,99.0,Yes,Structured micro-duration provides a clear cognitive focus anchor without executive function overload.,"Proprioceptive, Tactile",Solo,Moderate,"Mobility, Tension Release, Energy","Restless, Stiff, Lethargic",anytime,Micro-movements & Breathwork
,,2. Glide chin straight back creating a double chin.,,,,,,,,,,,,,,,,,
,,"3. Hold 3 seconds, release forward smoothly.",,,,,,,,,,,,,,,,,
,,"4. Perform 12 reps, 3 sets across 5 minutes.",,,,,,,,,,,,,,,,,
Scientific Paper Abstract Review (Drill #480),Structured 5-minute active reading and comprehension exercise focused on scientific paper abstract review.,1. Select a brief passage focused on scientific paper abstract review.,Time-Bound,Mindful Reading & Cognitive Micro-Drills,5.0,1.0,Free,Indoor/Outdoor,12.0,99.0,Yes,Structured micro-duration provides a clear cognitive focus anchor without executive function overload.,"Visual, Cognitive",Solo,Low,"Focus, Comprehension, Mental Clarity","Seeking Focus, Distracted, Overwhelmed",anytime,Micro-movements & Breathwork
,,2. Read continuously with active visual tracking for 3 minutes.,,,,,,,,,,,,,,,,,
,,3. Annotate key concepts or write down 2 core summary takeaways.,,,,,,,,,,,,,,,,,
,,4. Conclude with 1 minute of mental consolidation and recall check.,,,,,,,,,,,,,,,,,
4-8 Cadence Decompression - Protocol #481,Extended exhale pattern engineered for immediate nervous system down-regulation.,1. Inhale nose for 4 seconds.,Time-Bound,Calming Breathwork,5.0,1.0,Free,Indoor/Outdoor,12.0,99.0,Yes,Structured micro-duration provides a clear cognitive focus anchor without executive function overload.,"Proprioceptive, Rhythm",Solo,Low,"Calm, Stress Relief, Focus","Anxious, Stressed, Overwhelmed",anytime,Micro-movements & Breathwork
,,2. Exhale slowly and completely through mouth for 8 seconds.,,,,,,,,,,,,,,,,,
,,3. Pause 1 second at the bottom.,,,,,,,,,,,,,,,,,
,,4. Repeat cycle for 5 minutes.,,,,,,,,,,,,,,,,,
Sun Channel Activation - Protocol #482,Right nostril breath control to spark focus and metabolic energy.,1. Block left nostril gently with ring finger.,Time-Bound,Energizing Breathwork,5.0,1.0,Free,Indoor/Outdoor,12.0,99.0,Yes,Structured micro-duration provides a clear cognitive focus anchor without executive function overload.,"Proprioceptive, Rhythm",Solo,Moderate,"Calm, Stress Relief, Focus","Anxious, Stressed, Overwhelmed",anytime,Micro-movements & Breathwork
,,2. Inhale deeply through right nostril for 4s.,,,,,,,,,,,,,,,,,
,,3. Exhale through right nostril for 4s.,,,,,,,,,,,,,,,,,
,,4. Maintain rhythmic right-channel breathing for 5 minutes.,,,,,,,,,,,,,,,,,
Somatic Tremor Shakeout (Variation #483),Vigorous full-body shaking to discharge nervous system tension.,1. Stand with feet shoulder-width apart.,Time-Bound,Therapeutic & Somatic Micro-Movements,5.0,1.0,Free,Indoor/Outdoor,12.0,99.0,Yes,Structured micro-duration provides a clear cognitive focus anchor without executive function overload.,"Proprioceptive, Tactile",Solo,Moderate,"Mobility, Tension Release, Energy","Restless, Stiff, Lethargic",anytime,Micro-movements & Breathwork
,,2. Begin bouncing lightly on heels and shaking wrist joints.,,,,,,,,,,,,,,,,,
,,"3. Allow vibration to travel up shoulders, jaw, and torso.",,,,,,,,,,,,,,,,,
,,4. Shake continuously for 5 minutes to release trapped stress.,,,,,,,,,,,,,,,,,
Wrist & Forearm Tension Release (Variation #484),Stretches wrist flexors and extensors for keyboard users.,"1. Extend right arm forward, palm up.",Time-Bound,Desk Mobility & Joint Resets,5.0,1.0,Free,Indoor/Outdoor,12.0,99.0,Yes,Structured micro-duration provides a clear cognitive focus anchor without executive function overload.,"Proprioceptive, Tactile",Solo,Moderate,"Mobility, Tension Release, Energy","Restless, Stiff, Lethargic",anytime,Micro-movements & Breathwork
,,2. Pull fingers down with left hand gently for 30s.,,,,,,,,,,,,,,,,,
,,"3. Flip palm down, pull hand back toward wrist for 30s.",,,,,,,,,,,,,,,,,
,,4. Swap sides and repeat cycles for 5 minutes.,,,,,,,,,,,,,,,,,
Biographical Profile Analysis (Drill #485),Structured 5-minute active reading and comprehension exercise focused on biographical profile analysis.,1. Select a brief passage focused on biographical profile analysis.,Time-Bound,Mindful Reading & Cognitive Micro-Drills,5.0,1.0,Free,Indoor/Outdoor,12.0,99.0,Yes,Structured micro-duration provides a clear cognitive focus anchor without executive function overload.,"Visual, Cognitive",Solo,Low,"Focus, Comprehension, Mental Clarity","Seeking Focus, Distracted, Overwhelmed",anytime,Micro-movements & Breathwork
,,2. Read continuously with active visual tracking for 3 minutes.,,,,,,,,,,,,,,,,,
,,3. Annotate key concepts or write down 2 core summary takeaways.,,,,,,,,,,,,,,,,,
,,4. Conclude with 1 minute of mental consolidation and recall check.,,,,,,,,,,,,,,,,,
Diaphragmatic Belly Anchor - Protocol #486,Deep grounding belly breathing to lower heart rate.,1. Place one hand on chest and one on belly.,Time-Bound,Calming Breathwork,5.0,1.0,Free,Indoor/Outdoor,12.0,99.0,Yes,Structured micro-duration provides a clear cognitive focus anchor without executive function overload.,"Proprioceptive, Rhythm",Solo,Low,"Calm, Stress Relief, Focus","Anxious, Stressed, Overwhelmed",anytime,Micro-movements & Breathwork
,,2. Breathe in deeply ensuring only the belly rises for 4s.,,,,,,,,,,,,,,,,,
,,3. Exhale slowly through pursed lips for 6s.,,,,,,,,,,,,,,,,,
,,4. Focus on tactile warmth of your hands for 5 minutes.,,,,,,,,,,,,,,,,,
Bellows Vitality Pump - Protocol #487,Rhythmic rapid abdominal pumping to elevate alertness and focus.,1. Sit upright with extended spine.,Time-Bound,Energizing Breathwork,5.0,1.0,Free,Indoor/Outdoor,12.0,99.0,Yes,Structured micro-duration provides a clear cognitive focus anchor without executive function overload.,"Proprioceptive, Rhythm",Solo,Moderate,"Calm, Stress Relief, Focus","Anxious, Stressed, Overwhelmed",anytime,Micro-movements & Breathwork
,,2. Take rapid rhythmic inhales and exhales through nose at 1-second cadence.,,,,,,,,,,,,,,,,,
,,3. Keep chest steady while belly pumps aggressively.,,,,,,,,,,,,,,,,,
,,4. Perform 3 sets of 30 seconds with 15s calm recovery between sets for 5 minutes.,,,,,,,,,,,,,,,,,
Somatic Tremor Shakeout (Variation #488),Vigorous full-body shaking to discharge nervous system tension.,1. Stand with feet shoulder-width apart.,Time-Bound,Therapeutic & Somatic Micro-Movements,5.0,1.0,Free,Indoor/Outdoor,12.0,99.0,Yes,Structured micro-duration provides a clear cognitive focus anchor without executive function overload.,"Proprioceptive, Tactile",Solo,Moderate,"Mobility, Tension Release, Energy","Restless, Stiff, Lethargic",anytime,Micro-movements & Breathwork
,,2. Begin bouncing lightly on heels and shaking wrist joints.,,,,,,,,,,,,,,,,,
,,"3. Allow vibration to travel up shoulders, jaw, and torso.",,,,,,,,,,,,,,,,,
,,4. Shake continuously for 5 minutes to release trapped stress.,,,,,,,,,,,,,,,,,
Wrist & Forearm Tension Release (Variation #489),Stretches wrist flexors and extensors for keyboard users.,"1. Extend right arm forward, palm up.",Time-Bound,Desk Mobility & Joint Resets,5.0,1.0,Free,Indoor/Outdoor,12.0,99.0,Yes,Structured micro-duration provides a clear cognitive focus anchor without executive function overload.,"Proprioceptive, Tactile",Solo,Moderate,"Mobility, Tension Release, Energy","Restless, Stiff, Lethargic",anytime,Micro-movements & Breathwork
,,2. Pull fingers down with left hand gently for 30s.,,,,,,,,,,,,,,,,,
,,"3. Flip palm down, pull hand back toward wrist for 30s.",,,,,,,,,,,,,,,,,
,,4. Swap sides and repeat cycles for 5 minutes.,,,,,,,,,,,,,,,,,
Technical Synthesis Reading (Drill #490),Structured 5-minute active reading and comprehension exercise focused on technical synthesis reading.,1. Select a brief passage focused on technical synthesis reading.,Time-Bound,Mindful Reading & Cognitive Micro-Drills,5.0,1.0,Free,Indoor/Outdoor,12.0,99.0,Yes,Structured micro-duration provides a clear cognitive focus anchor without executive function overload.,"Visual, Cognitive",Solo,Low,"Focus, Comprehension, Mental Clarity","Seeking Focus, Distracted, Overwhelmed",anytime,Micro-movements & Breathwork
,,2. Read continuously with active visual tracking for 3 minutes.,,,,,,,,,,,,,,,,,
,,3. Annotate key concepts or write down 2 core summary takeaways.,,,,,,,,,,,,,,,,,
,,4. Conclude with 1 minute of mental consolidation and recall check.,,,,,,,,,,,,,,,,,
Vagus Nerve Ocean Inhale - Protocol #491,Slow rhythmic deep breathing targeting vagal tone stimulation.,1. Sit upright with soft shoulders.,Time-Bound,Calming Breathwork,5.0,1.0,Free,Indoor/Outdoor,12.0,99.0,Yes,Structured micro-duration provides a clear cognitive focus anchor without executive function overload.,"Proprioceptive, Rhythm",Solo,Low,"Calm, Stress Relief, Focus","Anxious, Stressed, Overwhelmed",anytime,Micro-movements & Breathwork
,,2. Inhale deeply into lower abdomen for 5s.,,,,,,,,,,,,,,,,,
,,3. Exhale slowly with a subtle back-of-throat hum for 5s.,,,,,,,,,,,,,,,,,
,,4. Repeat smoothly for 5 minutes.,,,,,,,,,,,,,,,,,
Bellows Vitality Pump - Protocol #492,Rhythmic rapid abdominal pumping to elevate alertness and focus.,1. Sit upright with extended spine.,Time-Bound,Energizing Breathwork,5.0,1.0,Free,Indoor/Outdoor,12.0,99.0,Yes,Structured micro-duration provides a clear cognitive focus anchor without executive function overload.,"Proprioceptive, Rhythm",Solo,Moderate,"Calm, Stress Relief, Focus","Anxious, Stressed, Overwhelmed",anytime,Micro-movements & Breathwork
,,2. Take rapid rhythmic inhales and exhales through nose at 1-second cadence.,,,,,,,,,,,,,,,,,
,,3. Keep chest steady while belly pumps aggressively.,,,,,,,,,,,,,,,,,
,,4. Perform 3 sets of 30 seconds with 15s calm recovery between sets for 5 minutes.,,,,,,,,,,,,,,,,,
Somatic Tremor Shakeout (Variation #493),Vigorous full-body shaking to discharge nervous system tension.,1. Stand with feet shoulder-width apart.,Time-Bound,Therapeutic & Somatic Micro-Movements,5.0,1.0,Free,Indoor/Outdoor,12.0,99.0,Yes,Structured micro-duration provides a clear cognitive focus anchor without executive function overload.,"Proprioceptive, Tactile",Solo,Moderate,"Mobility, Tension Release, Energy","Restless, Stiff, Lethargic",anytime,Micro-movements & Breathwork
,,2. Begin bouncing lightly on heels and shaking wrist joints.,,,,,,,,,,,,,,,,,
,,"3. Allow vibration to travel up shoulders, jaw, and torso.",,,,,,,,,,,,,,,,,
,,4. Shake continuously for 5 minutes to release trapped stress.,,,,,,,,,,,,,,,,,
Seated Thoracic Decompression (Variation #494),Extends stiff thoracic spine after prolonged sitting.,1. Sit at front edge of chair.,Time-Bound,Desk Mobility & Joint Resets,5.0,1.0,Free,Indoor/Outdoor,12.0,99.0,Yes,Structured micro-duration provides a clear cognitive focus anchor without executive function overload.,"Proprioceptive, Tactile",Solo,Moderate,"Mobility, Tension Release, Energy","Restless, Stiff, Lethargic",anytime,Micro-movements & Breathwork
,,"2. Interlace fingers behind head, elbows wide.",,,,,,,,,,,,,,,,,
,,3. Inhale and arch upper back over chair back.,,,,,,,,,,,,,,,,,
,,4. Exhale and gently round forward. Repeat 10 times across 5 minutes.,,,,,,,,,,,,,,,,,
Productivity Essay Deep-Dive (Drill #495),Structured 5-minute active reading and comprehension exercise focused on productivity essay deep-dive.,1. Select a brief passage focused on productivity essay deep-dive.,Time-Bound,Mindful Reading & Cognitive Micro-Drills,5.0,1.0,Free,Indoor/Outdoor,12.0,99.0,Yes,Structured micro-duration provides a clear cognitive focus anchor without executive function overload.,"Visual, Cognitive",Solo,Low,"Focus, Comprehension, Mental Clarity","Seeking Focus, Distracted, Overwhelmed",anytime,Micro-movements & Breathwork
,,2. Read continuously with active visual tracking for 3 minutes.,,,,,,,,,,,,,,,,,
,,3. Annotate key concepts or write down 2 core summary takeaways.,,,,,,,,,,,,,,,,,
,,4. Conclude with 1 minute of mental consolidation and recall check.,,,,,,,,,,,,,,,,,
Resonant Box Breath - Protocol #496,A balanced 4-4-4-4 rhythm to soothe the central nervous system.,1. Inhale through nose for 4 seconds.,Time-Bound,Calming Breathwork,5.0,1.0,Free,Indoor/Outdoor,12.0,99.0,Yes,Structured micro-duration provides a clear cognitive focus anchor without executive function overload.,"Proprioceptive, Rhythm",Solo,Low,"Calm, Stress Relief, Focus","Anxious, Stressed, Overwhelmed",anytime,Micro-movements & Breathwork
,,2. Hold breath for 4 seconds.,,,,,,,,,,,,,,,,,
,,3. Exhale through mouth for 4 seconds.,,,,,,,,,,,,,,,,,
,,4. Hold empty for 4 seconds. Repeat for 5 minutes.,,,,,,,,,,,,,,,,,
Segmented Morning Inhale - Protocol #497,Staccato three-part inhale to clear brain fog instantly.,1. Take short inhale step 1 into belly.,Time-Bound,Energizing Breathwork,5.0,1.0,Free,Indoor/Outdoor,12.0,99.0,Yes,Structured micro-duration provides a clear cognitive focus anchor without executive function overload.,"Proprioceptive, Rhythm",Solo,Moderate,"Calm, Stress Relief, Focus","Anxious, Stressed, Overwhelmed",anytime,Micro-movements & Breathwork
,,2. Take short inhale step 2 into chest.,,,,,,,,,,,,,,,,,
,,3. Take short inhale step 3 into collarbones.,,,,,,,,,,,,,,,,,
,,4. Exhale smooth and unforced. Repeat for 5 minutes.,,,,,,,,,,,,,,,,,
Pragmatic Grounding Tap (Variation #498),Rhythmic body tapping protocol to re-anchor spatial awareness.,1. Tap upper chest gently with fingertips for 60s.,Time-Bound,Therapeutic & Somatic Micro-Movements,5.0,1.0,Free,Indoor/Outdoor,12.0,99.0,Yes,Structured micro-duration provides a clear cognitive focus anchor without executive function overload.,"Proprioceptive, Tactile",Solo,Moderate,"Mobility, Tension Release, Energy","Restless, Stiff, Lethargic",anytime,Micro-movements & Breathwork
,,"2. Tap down arms, belly, thighs, and calves sequentially.",,,,,,,,,,,,,,,,,
,,3. Focus on tactile feedback and temperature.,,,,,,,,,,,,,,,,,
,,4. Repeat full-body rhythm 3 times across 5 minutes.,,,,,,,,,,,,,,,,,
Wrist & Forearm Tension Release (Variation #499),Stretches wrist flexors and extensors for keyboard users.,"1. Extend right arm forward, palm up.",Time-Bound,Desk Mobility & Joint Resets,5.0,1.0,Free,Indoor/Outdoor,12.0,99.0,Yes,Structured micro-duration provides a clear cognitive focus anchor without executive function overload.,"Proprioceptive, Tactile",Solo,Moderate,"Mobility, Tension Release, Energy","Restless, Stiff, Lethargic",anytime,Micro-movements & Breathwork
,,2. Pull fingers down with left hand gently for 30s.,,,,,,,,,,,,,,,,,
,,"3. Flip palm down, pull hand back toward wrist for 30s.",,,,,,,,,,,,,,,,,
,,4. Swap sides and repeat cycles for 5 minutes.,,,,,,,,,,,,,,,,,
Psychology Insight Parsing (Drill #500),Structured 5-minute active reading and comprehension exercise focused on psychology insight parsing.,1. Select a brief passage focused on psychology insight parsing.,Time-Bound,Mindful Reading & Cognitive Micro-Drills,5.0,1.0,Free,Indoor/Outdoor,12.0,99.0,Yes,Structured micro-duration provides a clear cognitive focus anchor without executive function overload.,"Visual, Cognitive",Solo,Low,"Focus, Comprehension, Mental Clarity","Seeking Focus, Distracted, Overwhelmed",anytime,Micro-movements & Breathwork
,,2. Read continuously with active visual tracking for 3 minutes.,,,,,,,,,,,,,,,,,
,,3. Annotate key concepts or write down 2 core summary takeaways.,,,,,,,,,,,,,,,,,
,,4. Conclude with 1 minute of mental consolidation and recall check.,,,,,,,,,,,,,,,,,
